id,first_name,last_name,email,address,city,state,phone
1,Mark,Morgan,mmorgan0@g.co,5677 Coolidge Street,Plano,TX,(469) 904-1438
2,Eric,Warren,ewarren1@ed.gov,9062 Schurz Drive,Dallas,TX,(214) 701-8127
3,Robert,Harper,rharper2@angelfire.com,7786 Sachs Place,Plano,TX,(214) 875-5911
4,Donna,Franklin,dfranklin3@alexa.com,3 Magdeline Terrace,Plano,TX,(214) 800-6127
5,Linda,King,lking4@illinois.edu,41260 Kedzie Terrace,Dallas,TX,(469) 213-2549
6,Judy,Holmes,jholmes5@github.io,6583 Manitowish Hill,Dallas,TX,(972) 898-5909
7,Deborah,Lawrence,dlawrence6@chicagotribune.com,2 Hermina Trail,Dallas,TX,(972) 900-2951
8,Adam,Johnston,ajohnston7@is.gd,05671 Norway Maple Court,Dallas,TX,(469) 743-0176
9,Pamela,Carr,pcarr8@stumbleupon.com,1848 Fordem Avenue,Richardson,TX,(972) 247-9852
10,Daniel,Fisher,dfisher9@liveinternet.ru,400 Cody Lane,Plano,TX,(214) 891-7743
11,Stephen,Fields,sfieldsa@sphinn.com,99 Fair Oaks Drive,Plano,TX,(214) 801-3069
12,Walter,Ferguson,wfergusonb@jalbum.net,814 Sutteridge Point,Dallas,TX,(469) 945-8172
13,Paul,Cook,pcookc@blogtalkradio.com,58295 Pierstorff Pass,Richardson,TX,(469) 932-0168
14,Roy,Smith,rsmithd@csmonitor.com,563 Fairview Park,Dallas,TX,(214) 911-4724
15,Michelle,Gardner,mgardnere@wordpress.org,28309 Paget Court,Plano,TX,(469) 974-2681
16,George,Powell,gpowellf@scribd.com,31 Clove Crossing,Dallas,TX,(972) 885-7291
17,Nicholas,Hudson,nhudsong@uol.com.br,29 Esker Trail,Dallas,TX,(469) 698-4000
18,Linda,Henderson,lhendersonh@mayoclinic.com,117 Katie Center,Dallas,TX,(469) 997-0832
19,Gregory,Fowler,gfowleri@foxnews.com,42454 Hermina Plaza,Dallas,TX,(214) 936-8301
20,Carol,Sanders,csandersj@usda.gov,99600 Moland Way,Dallas,TX,(214) 762-1061
21,Mark,Hamilton,mhamiltonk@deliciousdays.com,76425 Dixon Hill,Dallas,TX,(972) 802-7903
22,Anthony,Brown,abrownl@rakuten.co.jp,8691 Walton Terrace,Dallas,TX,(972) 947-3376
23,James,Rivera,jriveram@comsenz.com,4 Golden Leaf Trail,Dallas,TX,(214) 761-8129
24,Tammy,Cole,tcolen@toplist.cz,22 Atwood Parkway,Dallas,TX,(469) 292-1882
25,Donald,Bowman,dbowmano@goo.gl,196 Golf View Terrace,Dallas,TX,(214) 956-6083
26,Susan,Gomez,sgomezp@economist.com,601 Warbler Point,Richardson,TX,(972) 877-1341
27,Juan,Martin,jmartinq@craigslist.org,846 Johnson Circle,Dallas,TX,(214) 828-5694
28,Samuel,Bailey,sbaileyr@indiegogo.com,1367 Northport Drive,Dallas,TX,(972) 972-2250
29,Paul,White,pwhites@fc2.com,24775 Melvin Place,Dallas,TX,(469) 459-4087
30,Gregory,Clark,gclarkt@bloglines.com,259 Porter Avenue,Dallas,TX,(972) 979-5771
31,Steven,Wood,swoodu@shareasale.com,852 Darwin Alley,Dallas,TX,(214) 984-2801
32,Jessica,Fuller,jfullerv@bloglovin.com,975 Carpenter Parkway,Dallas,TX,(972) 956-5055
33,Donna,Greene,dgreenew@fema.gov,86 Delladonna Lane,Dallas,TX,(469) 969-6535
34,Edward,Ford,efordx@dropbox.com,34 Fulton Circle,Dallas,TX,(214) 869-1555
35,Steve,Torres,storresy@theguardian.com,781 Loeprich Alley,Dallas,TX,(469) 964-7789
36,Alice,Rivera,ariveraz@nasa.gov,79 Dayton Center,Dallas,TX,(214) 841-3416
37,Jessica,Freeman,jfreeman10@devhub.com,27997 Loftsgordon Lane,Dallas,TX,(214) 835-4205
38,Kenneth,Harrison,kharrison11@sitemeter.com,25074 Holmberg Park,Richardson,TX,(972) 774-1504
39,Betty,Austin,baustin12@nature.com,4 Schmedeman Terrace,Dallas,TX,(972) 927-7561
40,Irene,Gonzalez,igonzalez13@boston.com,820 Oxford Crossing,Dallas,TX,(214) 865-5203
41,Charles,Foster,cfoster14@mtv.com,850 Summerview Crossing,Dallas,TX,(469) 910-6688
42,Gregory,Perez,gperez15@myspace.com,57 Bluejay Pass,Dallas,TX,(972) 433-8549
43,Jose,Stone,jstone16@nhs.uk,93 Waywood Parkway,Dallas,TX,(972) 991-8017
44,Patrick,Moore,pmoore17@baidu.com,78 Crest Line Road,Dallas,TX,(214) 950-2446
45,Louis,Lynch,llynch18@zimbio.com,12197 Kinsman Center,Dallas,TX,(469) 820-4208
46,Matthew,Snyder,msnyder19@google.com.au,169 Mayfield Park,Richardson,TX,(469) 855-5018
47,Sara,Wagner,swagner1a@addtoany.com,24827 Twin Pines Junction,Richardson,TX,(469) 914-5869
48,Louise,Long,llong1b@gov.uk,6 Haas Center,Dallas,TX,(214) 939-0517
49,Judy,Hamilton,jhamilton1c@domainmarket.com,65364 Mosinee Center,Dallas,TX,(972) 847-2849
50,Evelyn,Young,eyoung1d@java.com,4788 South Street,Dallas,TX,(214) 864-9776
51,James,Moore,jmoore1e@wix.com,9089 Lunder Parkway,Dallas,TX,(469) 830-4056
52,Clarence,Romero,cromero1f@tumblr.com,68501 Michigan Street,Plano,TX,(972) 982-1803
53,Jennifer,Smith,jsmith1g@opensource.org,3 Cordelia Terrace,Dallas,TX,(469) 963-5598
54,Jack,Baker,jbaker1h@sina.com.cn,01441 Eastlawn Place,Dallas,TX,(972) 909-1277
55,Amy,Nguyen,anguyen1i@usa.gov,79 Rigney Circle,Dallas,TX,(214) 905-2261
56,Maria,Stevens,mstevens1j@tiny.cc,5348 David Point,Plano,TX,(972) 992-5831
57,Teresa,Carpenter,tcarpenter1k@angelfire.com,6280 Spenser Lane,Dallas,TX,(972) 908-2593
58,Roy,Arnold,rarnold1l@samsung.com,7548 Dunning Junction,Richardson,TX,(214) 990-9053
59,Randy,Stewart,rstewart1m@telegraph.co.uk,5004 Emmet Park,Dallas,TX,(469) 422-2991
60,Brenda,Fernandez,bfernandez1n@upenn.edu,335 Forster Alley,Dallas,TX,(214) 920-6944
61,Janet,Thompson,jthompson1o@cbslocal.com,1 Chinook Place,Plano,TX,(972) 986-8081
62,Billy,Ortiz,bortiz1p@privacy.gov.au,4 Hintze Court,Dallas,TX,(469) 808-1346
63,Edward,Hawkins,ehawkins1q@wix.com,96231 Northland Plaza,Dallas,TX,(972) 798-3752
64,Mark,Morgan,mmorgan1r@ed.gov,5 Miller Lane,Dallas,TX,(469) 784-6546
65,Carolyn,Morgan,cmorgan1s@dedecms.com,975 Golf View Place,Dallas,TX,(469) 674-8726
66,Tina,Weaver,tweaver1t@zdnet.com,5414 Green Ridge Street,Dallas,TX,(469) 840-0879
67,Eric,Taylor,etaylor1u@mozilla.org,6 Fisk Pass,Dallas,TX,(214) 714-7652
68,Ruth,Henry,rhenry1v@behance.net,84 Hermina Street,Dallas,TX,(972) 934-2054
69,Phillip,Perkins,pperkins1w@ezinearticles.com,84771 Bartelt Trail,Dallas,TX,(214) 917-4226
70,Annie,Welch,awelch1x@ftc.gov,80 Stuart Road,Dallas,TX,(972) 516-1320
71,Lois,Hunter,lhunter1y@vimeo.com,49 Blaine Lane,Plano,TX,(972) 809-1141
72,Lisa,Cook,lcook1z@netscape.com,4412 Lakewood Gardens Plaza,Richardson,TX,(972) 653-9871
73,Kathleen,Harvey,kharvey20@foxnews.com,13 Grayhawk Hill,Dallas,TX,(469) 547-7753
74,Diane,Stevens,dstevens21@home.pl,0091 American Circle,Dallas,TX,(469) 942-1364
75,Samuel,Young,syoung22@pcworld.com,0157 Holmberg Street,Richardson,TX,(469) 918-5729
76,Mark,Riley,mriley23@theglobeandmail.com,4900 Thompson Court,Dallas,TX,(972) 767-2036
77,Bonnie,Ross,bross24@discovery.com,0 Walton Court,Richardson,TX,(972) 766-6908
78,Elizabeth,Arnold,earnold25@bloglovin.com,952 Sage Pass,Dallas,TX,(214) 967-2424
79,John,Walker,jwalker26@fastcompany.com,2 Packers Crossing,Dallas,TX,(469) 796-5094
80,William,Simmons,wsimmons27@webeden.co.uk,1232 Hayes Crossing,Dallas,TX,(972) 903-7706
81,Lisa,Kelley,lkelley28@storify.com,3718 Twin Pines Way,Dallas,TX,(972) 900-0487
82,Carl,Larson,clarson29@sohu.com,096 Goodland Parkway,Dallas,TX,(469) 550-2228
83,Brandon,Anderson,banderson2a@cargocollective.com,8 Leroy Circle,Dallas,TX,(469) 993-9270
84,Gloria,Myers,gmyers2b@wufoo.com,03 Elmside Center,Plano,TX,(469) 853-3967
85,Daniel,Freeman,dfreeman2c@dell.com,9584 Elka Place,Dallas,TX,(972) 769-9270
86,Judith,Mitchell,jmitchell2d@vimeo.com,2506 Merchant Terrace,Dallas,TX,(972) 902-9669
87,Alan,King,aking2e@meetup.com,958 Burrows Street,Dallas,TX,(214) 583-5636
88,Steve,Phillips,sphillips2f@reverbnation.com,45557 Jana Court,Dallas,TX,(972) 937-9620
89,Brenda,Butler,bbutler2g@google.com.br,5 Calypso Avenue,Dallas,TX,(972) 892-6177
90,Patricia,Spencer,pspencer2h@psu.edu,65143 Union Lane,Dallas,TX,(214) 909-9264
91,Larry,Olson,lolson2i@cargocollective.com,50299 Lien Parkway,Dallas,TX,(972) 965-7073
92,Victor,Sullivan,vsullivan2j@yahoo.com,272 Milwaukee Point,Plano,TX,(972) 759-4852
93,Kathryn,Taylor,ktaylor2k@weather.com,2952 Thackeray Point,Dallas,TX,(214) 862-0958
94,Rachel,Little,rlittle2l@histats.com,755 Kropf Pass,Dallas,TX,(972) 797-7226
95,Donald,Richardson,drichardson2m@sun.com,951 Chive Avenue,Dallas,TX,(972) 934-6450
96,Stephen,Chapman,schapman2n@techcrunch.com,0 Lunder Alley,Dallas,TX,(214) 987-1376
97,Harold,Richardson,hrichardson2o@t-online.de,76743 Burrows Court,Dallas,TX,(469) 899-1924
98,Ernest,Palmer,epalmer2p@360.cn,6 Upham Drive,Dallas,TX,(972) 942-2638
99,Pamela,Matthews,pmatthews2q@ustream.tv,2 Green Lane,Dallas,TX,(214) 944-0666
100,Jason,Campbell,jcampbell2r@mozilla.com,6 Raven Court,Dallas,TX,(972) 811-4885
101,Joyce,Fuller,jfuller2s@theguardian.com,45900 Iowa Way,Dallas,TX,(469) 906-3524
102,Andrea,Bailey,abailey2t@squidoo.com,33 Cardinal Alley,Richardson,TX,(972) 846-5566
103,Denise,Perry,dperry2u@google.es,68 Old Shore Lane,Dallas,TX,(214) 991-3418
104,Michael,Jacobs,mjacobs2v@themeforest.net,0 Brentwood Place,Richardson,TX,(469) 924-9727
105,Catherine,Reid,creid2w@ezinearticles.com,41544 Anniversary Crossing,Plano,TX,(214) 948-8236
106,Aaron,Romero,aromero2x@cam.ac.uk,844 Union Way,Dallas,TX,(972) 535-5154
107,John,Warren,jwarren2y@sciencedirect.com,9127 Farragut Center,Dallas,TX,(469) 923-5725
108,Steve,Garrett,sgarrett2z@google.nl,729 Kenwood Court,Richardson,TX,(214) 703-1311
109,Jimmy,Ellis,jellis30@deliciousdays.com,8 Nevada Place,Dallas,TX,(972) 742-8738
110,Jose,Perez,jperez31@webmd.com,4463 Commercial Circle,Richardson,TX,(469) 852-3133
111,Katherine,Dean,kdean32@nature.com,4978 Cordelia Way,Dallas,TX,(972) 886-7232
112,Ashley,Jackson,ajackson33@whitehouse.gov,676 David Road,Dallas,TX,(469) 976-0450
113,Kathryn,Hart,khart34@imdb.com,29 Dexter Circle,Dallas,TX,(972) 900-3590
114,Dennis,Ruiz,druiz35@nymag.com,18784 Browning Circle,Dallas,TX,(972) 974-1505
115,Sharon,Cox,scox36@upenn.edu,4 Hoffman Street,Dallas,TX,(214) 915-0820
116,Ruby,Burke,rburke37@nytimes.com,5 Swallow Avenue,Dallas,TX,(972) 928-8965
117,Jerry,Stewart,jstewart38@aboutads.info,54494 Kenwood Trail,Dallas,TX,(469) 817-5662
118,Howard,Fisher,hfisher39@wisc.edu,2 Reinke Lane,Plano,TX,(972) 325-6683
119,Eric,Phillips,ephillips3a@telegraph.co.uk,578 Westend Pass,Dallas,TX,(972) 893-0831
120,Albert,Cruz,acruz3b@google.co.uk,04 Shopko Way,Dallas,TX,(972) 471-4420
121,Timothy,Harrison,tharrison3c@posterous.com,04099 Anhalt Place,Dallas,TX,(214) 849-7879
122,Ronald,Phillips,rphillips3d@ox.ac.uk,4632 Brentwood Hill,Dallas,TX,(469) 945-4638
123,Antonio,Bishop,abishop3e@google.com,212 Memorial Lane,Richardson,TX,(469) 835-8047
124,Howard,Green,hgreen3f@dyndns.org,9 Florence Trail,Dallas,TX,(214) 875-8195
125,Willie,Murphy,wmurphy3g@technorati.com,09 Loeprich Parkway,Richardson,TX,(214) 954-5495
126,Christine,Washington,cwashington3h@goo.gl,95086 Eliot Alley,Dallas,TX,(469) 844-5383
127,Angela,Ellis,aellis3i@irs.gov,61 Chinook Avenue,Dallas,TX,(469) 912-7557
128,Kathy,Wagner,kwagner3j@alibaba.com,1 Columbus Crossing,Plano,TX,(214) 958-2980
129,Antonio,Carr,acarr3k@livejournal.com,6996 Arizona Avenue,Dallas,TX,(469) 724-0803
130,Samuel,Ellis,sellis3l@domainmarket.com,69968 Meadow Ridge Alley,Dallas,TX,(469) 957-8249
131,Bruce,Williamson,bwilliamson3m@fc2.com,51 Maywood Place,Richardson,TX,(214) 969-6651
132,Ruby,Mcdonald,rmcdonald3n@qq.com,031 Ohio Lane,Dallas,TX,(214) 970-5621
133,Jack,Larson,jlarson3o@sourceforge.net,43086 Dexter Way,Dallas,TX,(469) 913-6292
134,Tammy,Hunter,thunter3p@google.ru,08 Marquette Pass,Dallas,TX,(214) 919-0495
135,Mildred,Richards,mrichards3q@t-online.de,6863 Warbler Crossing,Dallas,TX,(469) 636-7310
136,Janet,Dixon,jdixon3r@pbs.org,1 Ridgeway Terrace,Dallas,TX,(972) 381-9665
137,Antonio,Hamilton,ahamilton3s@bloglovin.com,2545 Lerdahl Center,Dallas,TX,(214) 886-6681
138,Louise,Jordan,ljordan3t@moonfruit.com,7326 Reindahl Point,Dallas,TX,(972) 518-9421
139,Linda,Hunt,lhunt3u@army.mil,710 Lighthouse Bay Point,Dallas,TX,(972) 754-7045
140,Joan,Webb,jwebb3v@amazon.com,90 Bashford Avenue,Dallas,TX,(469) 955-0632
141,Kevin,Frazier,kfrazier3w@g.co,47 Bluejay Hill,Dallas,TX,(972) 965-3683
142,Todd,Schmidt,tschmidt3x@adobe.com,4 Lakeland Pass,Dallas,TX,(214) 903-6828
143,Andrea,Sims,asims3y@paypal.com,898 Killdeer Pass,Dallas,TX,(469) 988-0761
144,Barbara,Brooks,bbrooks3z@tinypic.com,305 Mendota Plaza,Dallas,TX,(469) 958-8251
145,Kenneth,Anderson,kanderson40@smh.com.au,246 Shopko Drive,Richardson,TX,(972) 998-5406
146,Jessica,Knight,jknight41@admin.ch,36 Forest Park,Richardson,TX,(469) 961-0488
147,Dorothy,Adams,dadams42@reverbnation.com,2483 Melody Plaza,Richardson,TX,(972) 881-8472
148,Phillip,Adams,padams43@miibeian.gov.cn,4 Derek Point,Dallas,TX,(972) 918-0335
149,James,Carpenter,jcarpenter44@cyberchimps.com,6668 Ilene Court,Dallas,TX,(214) 820-8276
150,Amy,Lopez,alopez45@themeforest.net,715 Westend Avenue,Dallas,TX,(469) 830-1019
151,Frank,Gomez,fgomez46@unicef.org,61280 Mallory Parkway,Plano,TX,(214) 962-2973
152,Debra,Rogers,drogers47@weibo.com,4 Southridge Place,Richardson,TX,(469) 753-7894
153,Aaron,Chapman,achapman48@oakley.com,840 Messerschmidt Plaza,Dallas,TX,(972) 753-3651
154,Jerry,Cruz,jcruz49@utexas.edu,48314 Muir Crossing,Dallas,TX,(214) 973-8302
155,Gerald,Mccoy,gmccoy4a@archive.org,71113 Corry Circle,Plano,TX,(469) 758-3820
156,Matthew,Ward,mward4b@eepurl.com,3726 Oneill Terrace,Plano,TX,(972) 668-2488
157,Marilyn,Andrews,mandrews4c@last.fm,61664 Warrior Street,Dallas,TX,(972) 831-4215
158,Lawrence,Coleman,lcoleman4d@techcrunch.com,0 Scoville Plaza,Plano,TX,(469) 987-3187
159,Sarah,Burton,sburton4e@cnbc.com,65230 Prairie Rose Point,Plano,TX,(972) 736-0106
160,Gerald,White,gwhite4f@ocn.ne.jp,82 Delaware Plaza,Plano,TX,(214) 774-5757
161,Shawn,Robertson,srobertson4g@lulu.com,9 Troy Alley,Dallas,TX,(214) 943-9366
162,Samuel,Arnold,sarnold4h@google.com.br,1748 Monterey Road,Dallas,TX,(469) 741-5231
163,Ruby,Mcdonald,rmcdonald4i@sohu.com,00621 Killdeer Crossing,Dallas,TX,(469) 941-5043
164,Lillian,Kim,lkim4j@npr.org,47585 Nova Drive,Dallas,TX,(214) 740-2312
165,Pamela,Bradley,pbradley4k@disqus.com,2 Lakewood Gardens Place,Richardson,TX,(469) 871-3326
166,Ralph,Chavez,rchavez4l@eventbrite.com,15739 Vera Plaza,Dallas,TX,(214) 598-5319
167,Martin,Richards,mrichards4m@mysql.com,8 New Castle Trail,Dallas,TX,(469) 976-0263
168,Chris,Simmons,csimmons4n@canalblog.com,46833 Farmco Junction,Dallas,TX,(469) 810-0333
169,Martin,Stevens,mstevens4o@berkeley.edu,573 Oneill Hill,Dallas,TX,(469) 570-2393
170,Lisa,West,lwest4p@globo.com,55586 Ronald Regan Lane,Dallas,TX,(972) 998-4345
171,Daniel,Marshall,dmarshall4q@de.vu,3 Manitowish Crossing,Dallas,TX,(469) 730-4725
172,John,Hicks,jhicks4r@spotify.com,81 Northfield Place,Richardson,TX,(972) 727-1591
173,Roger,Harrison,rharrison4s@rakuten.co.jp,9 Meadow Vale Drive,Dallas,TX,(469) 941-5954
174,Teresa,Thompson,tthompson4t@networkadvertising.org,06364 Gerald Street,Dallas,TX,(972) 670-1547
175,Arthur,Freeman,afreeman4u@trellian.com,51652 Russell Street,Dallas,TX,(469) 994-4509
176,Howard,Simpson,hsimpson4v@yellowpages.com,95 Redwing Lane,Dallas,TX,(972) 910-0392
177,Christopher,Spencer,cspencer4w@uol.com.br,6 Northfield Crossing,Dallas,TX,(214) 821-9650
178,Theresa,Wood,twood4x@jigsy.com,0420 Westport Circle,Dallas,TX,(469) 994-1901
179,Lillian,Wright,lwright4y@ebay.com,82972 Raven Road,Dallas,TX,(972) 960-5502
180,Sara,Rogers,srogers4z@google.fr,7 Twin Pines Circle,Dallas,TX,(214) 984-5323
181,Linda,Richards,lrichards50@pagesperso-orange.fr,046 Harper Center,Dallas,TX,(214) 998-2489
182,Albert,Cunningham,acunningham51@shutterfly.com,414 Summer Ridge Trail,Richardson,TX,(972) 716-3924
183,Debra,Holmes,dholmes52@chron.com,22 Bluejay Road,Plano,TX,(972) 954-8773
184,Jason,Davis,jdavis53@qq.com,82931 Cardinal Junction,Dallas,TX,(214) 969-9787
185,Justin,Fowler,jfowler54@privacy.gov.au,1958 Leroy Way,Dallas,TX,(972) 915-2410
186,Catherine,Harris,charris55@so-net.ne.jp,4091 Doe Crossing Alley,Plano,TX,(469) 968-7984
187,Gary,Reyes,greyes56@wufoo.com,06 Shelley Parkway,Dallas,TX,(972) 985-2014
188,Clarence,Harvey,charvey57@vinaora.com,637 Blackbird Crossing,Dallas,TX,(972) 735-8046
189,Kathleen,Lynch,klynch58@tripod.com,0 Northview Center,Dallas,TX,(469) 858-9821
190,Angela,Myers,amyers59@unblog.fr,07 Jenifer Point,Plano,TX,(214) 996-3258
191,Paula,Roberts,proberts5a@about.me,2025 Annamark Court,Richardson,TX,(214) 919-1512
192,Marie,Hudson,mhudson5b@go.com,35523 Fulton Point,Richardson,TX,(972) 955-0047
193,Victor,George,vgeorge5c@paypal.com,16 Butterfield Place,Plano,TX,(469) 982-0024
194,Judith,Lane,jlane5d@miibeian.gov.cn,59463 Havey Center,Dallas,TX,(469) 962-1701
195,Steven,Carpenter,scarpenter5e@china.com.cn,64 Rutledge Court,Richardson,TX,(972) 759-2760
196,Beverly,Welch,bwelch5f@pinterest.com,0 7th Point,Richardson,TX,(214) 758-2027
197,Chris,Cox,ccox5g@wix.com,386 Coleman Avenue,Richardson,TX,(214) 902-1149
198,Heather,Duncan,hduncan5h@constantcontact.com,3 Acker Avenue,Richardson,TX,(972) 906-2444
199,Helen,Cooper,hcooper5i@intel.com,90887 Ohio Trail,Dallas,TX,(214) 723-9307
200,Linda,Dixon,ldixon5j@simplemachines.org,0506 Boyd Plaza,Richardson,TX,(214) 940-0096
201,Eric,Wood,ewood5k@cnbc.com,730 Bonner Hill,Dallas,TX,(972) 959-7132
202,Brenda,Brooks,bbrooks5l@kickstarter.com,4 Pennsylvania Hill,Dallas,TX,(972) 960-5440
203,Fred,Crawford,fcrawford5m@fastcompany.com,00 Mariners Cove Terrace,Dallas,TX,(972) 978-1543
204,Alan,Morris,amorris5n@businesswire.com,2238 Debra Center,Dallas,TX,(469) 701-3591
205,Jimmy,Watkins,jwatkins5o@msn.com,91873 Colorado Crossing,Dallas,TX,(469) 933-3579
206,Keith,Fisher,kfisher5p@ehow.com,2 Muir Crossing,Richardson,TX,(972) 999-1883
207,Rose,Oliver,roliver5q@reference.com,3152 Thackeray Point,Dallas,TX,(214) 971-9384
208,Johnny,Vasquez,jvasquez5r@diigo.com,809 Grover Circle,Dallas,TX,(972) 843-5554
209,Judith,Dunn,jdunn5s@huffingtonpost.com,337 Northview Point,Dallas,TX,(972) 999-1156
210,Roger,Freeman,rfreeman5t@opensource.org,13 Farmco Way,Dallas,TX,(469) 854-9842
211,Richard,Bailey,rbailey5u@fc2.com,3108 Browning Park,Richardson,TX,(214) 718-0392
212,Ernest,Palmer,epalmer5v@japanpost.jp,66600 Pleasure Drive,Dallas,TX,(214) 238-1120
213,Janice,Long,jlong5w@xrea.com,26577 Laurel Road,Dallas,TX,(214) 972-0889
214,Thomas,Schmidt,tschmidt5x@ucoz.ru,0 New Castle Crossing,Plano,TX,(469) 745-9014
215,Kathryn,Hayes,khayes5y@usa.gov,18504 Basil Hill,Dallas,TX,(469) 831-7793
216,Chris,Perkins,cperkins5z@nasa.gov,14865 John Wall Center,Plano,TX,(972) 957-3368
217,Thomas,Scott,tscott60@cpanel.net,449 Schurz Parkway,Dallas,TX,(469) 914-5396
218,Judy,Richards,jrichards61@narod.ru,9420 Main Hill,Dallas,TX,(469) 871-8324
219,Janice,Garrett,jgarrett62@naver.com,2998 Chive Place,Dallas,TX,(214) 809-6943
220,Raymond,Peterson,rpeterson63@friendfeed.com,892 Fairfield Point,Richardson,TX,(469) 947-5199
221,Marilyn,Williams,mwilliams64@blinklist.com,0 John Wall Circle,Dallas,TX,(214) 992-8183
222,Teresa,Reid,treid65@baidu.com,9224 Manufacturers Terrace,Dallas,TX,(972) 457-6436
223,Irene,Medina,imedina66@hhs.gov,51 Southridge Pass,Dallas,TX,(972) 994-3852
224,Linda,Carpenter,lcarpenter67@flavors.me,43 Dovetail Road,Dallas,TX,(972) 866-8440
225,Jonathan,Harrison,jharrison68@hp.com,113 Havey Crossing,Plano,TX,(469) 900-2769
226,Laura,Graham,lgraham69@rakuten.co.jp,72346 Emmet Place,Dallas,TX,(469) 892-4249
227,Sharon,Pierce,spierce6a@dmoz.org,9 Clove Trail,Dallas,TX,(972) 930-5410
228,Katherine,Boyd,kboyd6b@cafepress.com,90 Park Meadow Junction,Dallas,TX,(214) 652-5153
229,Brian,Perkins,bperkins6c@adobe.com,5988 Havey Street,Dallas,TX,(972) 973-2502
230,Eric,Cooper,ecooper6d@studiopress.com,7 Granby Road,Dallas,TX,(972) 970-2642
231,Randy,Stanley,rstanley6e@cbsnews.com,94552 Linden Court,Dallas,TX,(972) 815-8835
232,Pamela,Gutierrez,pgutierrez6f@cdbaby.com,50236 Goodland Lane,Plano,TX,(972) 968-2569
233,Keith,Perkins,kperkins6g@mayoclinic.com,9543 Farragut Road,Richardson,TX,(214) 804-0599
234,Scott,Spencer,sspencer6h@edublogs.org,5 Lukken Junction,Dallas,TX,(214) 701-4621
235,Todd,Bryant,tbryant6i@lycos.com,418 Onsgard Hill,Dallas,TX,(214) 980-7359
236,Jose,Anderson,janderson6j@comsenz.com,2705 Ohio Junction,Dallas,TX,(214) 530-2752
237,Amanda,Davis,adavis6k@studiopress.com,1636 Norway Maple Place,Plano,TX,(469) 913-5733
238,Richard,Cruz,rcruz6l@sina.com.cn,69 Marquette Park,Richardson,TX,(469) 902-7741
239,Sara,Walker,swalker6m@bloomberg.com,18924 3rd Circle,Dallas,TX,(972) 932-7544
240,Gloria,Sanders,gsanders6n@blog.com,36961 Green Ridge Place,Dallas,TX,(214) 937-3306
241,Jonathan,Harris,jharris6o@freewebs.com,286 Merry Way,Dallas,TX,(469) 873-4473
242,Juan,Fields,jfields6p@nationalgeographic.com,291 Marquette Parkway,Richardson,TX,(972) 916-7303
243,Wanda,Mills,wmills6q@twitter.com,79024 Surrey Way,Dallas,TX,(469) 920-6298
244,Karen,Davis,kdavis6r@discuz.net,83 Holy Cross Drive,Dallas,TX,(972) 890-5755
245,Scott,Montgomery,smontgomery6s@squarespace.com,96247 Oriole Circle,Dallas,TX,(972) 929-5312
246,Michael,Stevens,mstevens6t@reuters.com,356 Shoshone Drive,Dallas,TX,(469) 803-5017
247,Andrea,Baker,abaker6u@ning.com,90 Heath Drive,Dallas,TX,(469) 930-1109
248,Marilyn,Alexander,malexander6v@goo.gl,443 Dottie Circle,Dallas,TX,(972) 406-2617
249,Harry,Alvarez,halvarez6w@blogspot.com,636 Express Way,Dallas,TX,(214) 954-5716
250,Rose,Peterson,rpeterson6x@unesco.org,034 Shelley Drive,Dallas,TX,(972) 861-4171
251,Barbara,Garcia,bgarcia6y@chicagotribune.com,5690 Acker Road,Dallas,TX,(469) 517-8843
252,Ann,Berry,aberry6z@wix.com,37940 Morning Hill,Dallas,TX,(972) 918-7984
253,Paul,Turner,pturner70@eventbrite.com,75287 Pleasure Place,Dallas,TX,(972) 782-6768
254,Theresa,Day,tday71@skyrock.com,9 American Ash Crossing,Dallas,TX,(972) 909-4722
255,Andrew,Gilbert,agilbert72@npr.org,8 American Parkway,Dallas,TX,(972) 834-2804
256,Alice,Turner,aturner73@seesaa.net,4 Namekagon Lane,Dallas,TX,(214) 660-6741
257,Julie,Smith,jsmith74@nydailynews.com,61345 Namekagon Place,Dallas,TX,(469) 861-2346
258,Alice,Carr,acarr75@devhub.com,7564 Ohio Plaza,Dallas,TX,(214) 549-1687
259,Harry,Baker,hbaker76@hostgator.com,7 Straubel Center,Plano,TX,(469) 590-5412
260,Donna,Cooper,dcooper77@scientificamerican.com,1629 Summer Ridge Plaza,Dallas,TX,(469) 957-3027
261,Laura,Rogers,lrogers78@google.co.jp,7776 Summer Ridge Court,Dallas,TX,(972) 730-7675
262,Jessica,Hicks,jhicks79@chron.com,17138 Ryan Circle,Dallas,TX,(469) 815-6162
263,George,Turner,gturner7a@opera.com,4 Quincy Pass,Richardson,TX,(214) 958-2175
264,Joan,Watkins,jwatkins7b@phoca.cz,9601 Lerdahl Pass,Plano,TX,(214) 814-9170
265,Andrea,Gonzalez,agonzalez7c@jiathis.com,127 Russell Hill,Dallas,TX,(972) 809-5959
266,Billy,Little,blittle7d@spiegel.de,46 Autumn Leaf Junction,Dallas,TX,(972) 986-6001
267,Teresa,Marshall,tmarshall7e@opensource.org,2 Sheridan Trail,Dallas,TX,(469) 884-2394
268,Benjamin,Lynch,blynch7f@newyorker.com,53 Tennyson Park,Dallas,TX,(469) 877-9851
269,Nancy,Dixon,ndixon7g@instagram.com,4 Dwight Street,Dallas,TX,(972) 770-3641
270,Jean,Dunn,jdunn7h@stanford.edu,4 North Street,Dallas,TX,(469) 995-6149
271,Anthony,Gardner,agardner7i@bizjournals.com,9823 Donald Terrace,Dallas,TX,(972) 432-3180
272,Benjamin,Morrison,bmorrison7j@parallels.com,21 Oriole Terrace,Dallas,TX,(214) 409-6322
273,Anne,Dixon,adixon7k@free.fr,9579 Browning Crossing,Dallas,TX,(972) 907-6080
274,Denise,Wallace,dwallace7l@ovh.net,6021 Portage Park,Dallas,TX,(972) 940-4355
275,Linda,Owens,lowens7m@marketwatch.com,13 Monterey Alley,Richardson,TX,(214) 836-3577
276,Larry,Warren,lwarren7n@princeton.edu,2657 Mitchell Hill,Plano,TX,(972) 938-7212
277,Edward,Hunt,ehunt7o@wufoo.com,6 Claremont Avenue,Dallas,TX,(972) 763-1900
278,Harry,Mcdonald,hmcdonald7p@webnode.com,22283 Farragut Place,Plano,TX,(214) 873-3156
279,Lawrence,Wells,lwells7q@slate.com,841 Delaware Place,Dallas,TX,(214) 976-7034
280,Martin,Fuller,mfuller7r@altervista.org,53309 Buhler Place,Dallas,TX,(469) 667-3361
281,Roger,Ellis,rellis7s@mashable.com,74213 Charing Cross Circle,Dallas,TX,(972) 976-7863
282,Patrick,Moreno,pmoreno7t@youtube.com,490 Rockefeller Lane,Dallas,TX,(972) 955-5269
283,Andrew,Cole,acole7u@ning.com,30 Sunfield Pass,Plano,TX,(214) 879-7342
284,Joan,Hudson,jhudson7v@scribd.com,4 Everett Court,Dallas,TX,(214) 954-1417
285,Chris,Powell,cpowell7w@cloudflare.com,4 Jenifer Circle,Dallas,TX,(469) 726-7925
286,Anna,Perez,aperez7x@tiny.cc,1241 Graceland Court,Dallas,TX,(469) 996-2325
287,Debra,Gray,dgray7y@ucla.edu,251 Monterey Hill,Dallas,TX,(469) 973-4499
288,Annie,Shaw,ashaw7z@de.vu,561 Cody Crossing,Plano,TX,(214) 764-1587
289,Shawn,Martinez,smartinez80@flickr.com,19 Lunder Park,Dallas,TX,(469) 986-4161
290,Mary,Graham,mgraham81@shutterfly.com,701 Cordelia Court,Dallas,TX,(214) 687-0840
291,Janet,West,jwest82@wikimedia.org,2308 Division Center,Dallas,TX,(214) 978-0541
292,Aaron,Arnold,aarnold83@instagram.com,5886 Banding Trail,Dallas,TX,(214) 955-5863
293,Justin,Brown,jbrown84@vistaprint.com,611 Green Plaza,Plano,TX,(214) 901-6023
294,George,Torres,gtorres85@dropbox.com,64206 Calypso Hill,Dallas,TX,(972) 925-4199
295,Brian,Romero,bromero86@bing.com,4418 Green Ridge Terrace,Dallas,TX,(469) 825-9159
296,Lawrence,Morris,lmorris87@ucoz.ru,42 Magdeline Pass,Dallas,TX,(214) 942-2979
297,Patrick,Garcia,pgarcia88@cornell.edu,1 Nevada Parkway,Dallas,TX,(469) 827-6118
298,Ashley,Moreno,amoreno89@sakura.ne.jp,067 Morning Park,Dallas,TX,(469) 869-6226
299,Aaron,Ellis,aellis8a@xing.com,1925 Grasskamp Alley,Dallas,TX,(469) 937-9272
300,Jimmy,James,jjames8b@shutterfly.com,3 Knutson Way,Dallas,TX,(972) 930-8175
301,Maria,Torres,mtorres8c@live.com,56168 Arizona Drive,Dallas,TX,(214) 931-8328
302,Chris,Owens,cowens8d@un.org,6 Browning Park,Dallas,TX,(972) 701-4889
303,Elizabeth,Harvey,eharvey8e@goo.ne.jp,1995 Nelson Park,Dallas,TX,(972) 992-9375
304,Jane,Baker,jbaker8f@hatena.ne.jp,0062 Sunbrook Junction,Dallas,TX,(469) 754-6653
305,Lisa,Kelley,lkelley8g@cdbaby.com,272 Larry Drive,Dallas,TX,(469) 930-6637
306,Jonathan,Diaz,jdiaz8h@foxnews.com,18283 Brown Center,Dallas,TX,(469) 940-2479
307,Mildred,Allen,mallen8i@merriam-webster.com,5734 La Follette Point,Dallas,TX,(469) 946-2268
308,Linda,Rogers,lrogers8j@vimeo.com,0590 Northport Drive,Dallas,TX,(972) 947-1564
309,Gary,Garrett,ggarrett8k@wufoo.com,5285 2nd Court,Dallas,TX,(469) 939-2476
310,Earl,Hall,ehall8l@ifeng.com,7755 Park Meadow Way,Dallas,TX,(214) 882-0672
311,Benjamin,Bailey,bbailey8m@sina.com.cn,72101 Elmside Parkway,Dallas,TX,(214) 896-3364
312,Angela,Graham,agraham8n@pinterest.com,5 High Crossing Crossing,Richardson,TX,(972) 878-1468
313,Dennis,Hunter,dhunter8o@marriott.com,7 2nd Place,Plano,TX,(469) 967-8745
314,Matthew,Stevens,mstevens8p@liveinternet.ru,9603 Hansons Way,Dallas,TX,(469) 861-3808
315,Annie,Freeman,afreeman8q@dot.gov,7466 Gulseth Alley,Dallas,TX,(972) 921-0146
316,Richard,Lawson,rlawson8r@opera.com,792 Dottie Circle,Dallas,TX,(214) 545-9387
317,Susan,Allen,sallen8s@github.io,6 Morrow Alley,Dallas,TX,(214) 748-0451
318,Rose,Coleman,rcoleman8t@theglobeandmail.com,26094 Loomis Alley,Dallas,TX,(469) 819-2212
319,Kathy,Elliott,kelliott8u@privacy.gov.au,28 Boyd Pass,Dallas,TX,(469) 996-0439
320,Teresa,Brooks,tbrooks8v@ask.com,57699 Oak Circle,Richardson,TX,(972) 731-4160
321,Julie,Lane,jlane8w@so-net.ne.jp,8261 Magdeline Road,Dallas,TX,(214) 930-8339
322,Jessica,Day,jday8x@eventbrite.com,80 Cascade Junction,Dallas,TX,(214) 947-1788
323,Billy,Cruz,bcruz8y@narod.ru,75 Mosinee Court,Dallas,TX,(214) 797-5929
324,Martha,Mccoy,mmccoy8z@google.ca,74 Claremont Park,Dallas,TX,(214) 915-1572
325,Frances,Long,flong90@usgs.gov,0 Schlimgen Alley,Dallas,TX,(214) 951-4800
326,Carolyn,Duncan,cduncan91@google.com.au,1 Merry Place,Dallas,TX,(214) 279-8556
327,Ryan,Mendoza,rmendoza92@cyberchimps.com,9 Myrtle Way,Dallas,TX,(214) 867-1887
328,Jerry,Oliver,joliver93@ezinearticles.com,0 Vera Alley,Dallas,TX,(469) 734-8276
329,Juan,Smith,jsmith94@ucoz.ru,3 Dixon Parkway,Dallas,TX,(214) 909-9366
330,Marilyn,White,mwhite95@stumbleupon.com,769 Mayfield Center,Dallas,TX,(972) 933-0968
331,Anne,Moreno,amoreno96@kickstarter.com,60 Raven Pass,Dallas,TX,(214) 886-0662
332,Ruby,Greene,rgreene97@mediafire.com,328 Fallview Center,Richardson,TX,(214) 872-7995
333,Shawn,Rivera,srivera98@smh.com.au,8 American Hill,Dallas,TX,(972) 528-2505
334,Tina,Hamilton,thamilton99@tinyurl.com,24695 Di Loreto Crossing,Dallas,TX,(972) 755-6424
335,Benjamin,Graham,bgraham9a@bloomberg.com,08 New Castle Avenue,Dallas,TX,(214) 983-4311
336,Doris,Bailey,dbailey9b@huffingtonpost.com,5773 Eastlawn Center,Dallas,TX,(469) 801-1479
337,Jason,Washington,jwashington9c@nydailynews.com,3225 Vera Lane,Richardson,TX,(972) 931-0247
338,Evelyn,Wilson,ewilson9d@fema.gov,9873 Kim Center,Richardson,TX,(469) 901-5209
339,Steve,Cunningham,scunningham9e@google.nl,5615 Mcbride Park,Dallas,TX,(214) 883-3172
340,Henry,Howard,hhoward9f@wired.com,9 Lakewood Avenue,Dallas,TX,(214) 848-6192
341,Timothy,Crawford,tcrawford9g@earthlink.net,39384 Tony Terrace,Dallas,TX,(972) 729-2932
342,Todd,Rose,trose9h@fema.gov,8 Mosinee Plaza,Plano,TX,(469) 893-2893
343,Mary,Nelson,mnelson9i@tinypic.com,8 Colorado Avenue,Dallas,TX,(214) 241-4452
344,Jason,Watkins,jwatkins9j@jugem.jp,74155 Welch Terrace,Dallas,TX,(972) 915-1343
345,Kathy,Cole,kcole9k@macromedia.com,8600 Anniversary Pass,Dallas,TX,(214) 993-7915
346,Albert,Reyes,areyes9l@nbcnews.com,43 Transport Pass,Dallas,TX,(469) 808-4965
347,Aaron,Harvey,aharvey9m@nsw.gov.au,1807 Prairieview Pass,Dallas,TX,(214) 632-9282
348,Jack,Ward,jward9n@independent.co.uk,5 Susan Plaza,Richardson,TX,(972) 918-4342
349,Dorothy,Spencer,dspencer9o@mozilla.com,90651 Bellgrove Junction,Dallas,TX,(972) 892-8862
350,Lawrence,Hunt,lhunt9p@gov.uk,2 Randy Court,Dallas,TX,(972) 962-4743
351,Beverly,Fernandez,bfernandez9q@jigsy.com,480 Toban Lane,Richardson,TX,(469) 975-3330
352,Karen,Johnston,kjohnston9r@usda.gov,3 Coleman Plaza,Dallas,TX,(214) 768-1518
353,Howard,Gonzalez,hgonzalez9s@usatoday.com,7699 Dakota Terrace,Dallas,TX,(214) 905-6019
354,Dorothy,Graham,dgraham9t@tinyurl.com,9 Mcguire Alley,Richardson,TX,(469) 619-4224
355,Barbara,Anderson,banderson9u@marketwatch.com,77 Ronald Regan Park,Richardson,TX,(214) 947-1531
356,Frances,Willis,fwillis9v@sina.com.cn,61438 Becker Park,Dallas,TX,(469) 900-5979
357,Martha,Arnold,marnold9w@buzzfeed.com,52279 Hauk Plaza,Dallas,TX,(469) 968-6237
358,Maria,Medina,mmedina9x@diigo.com,6 Gina Crossing,Dallas,TX,(214) 851-3813
359,Jonathan,Fox,jfox9y@photobucket.com,32 Springs Road,Dallas,TX,(972) 916-5884
360,Carlos,Carter,ccarter9z@gizmodo.com,96207 3rd Park,Dallas,TX,(214) 928-7624
361,Adam,Ferguson,afergusona0@ucoz.com,0 Summerview Court,Dallas,TX,(214) 957-5621
362,Nicholas,Wheeler,nwheelera1@mozilla.com,756 Pleasure Circle,Dallas,TX,(469) 973-3255
363,Raymond,Rogers,rrogersa2@who.int,16 Monument Parkway,Richardson,TX,(469) 887-9227
364,Brandon,Stevens,bstevensa3@narod.ru,94647 Village Junction,Dallas,TX,(214) 693-6689
365,Lori,Ferguson,lfergusona4@scribd.com,49 Sachtjen Crossing,Dallas,TX,(214) 968-1515
366,Roy,Turner,rturnera5@abc.net.au,61544 Talmadge Drive,Richardson,TX,(469) 927-5678
367,Martha,Warren,mwarrena6@meetup.com,94 Vahlen Hill,Dallas,TX,(972) 776-3863
368,Ruby,Anderson,randersona7@slashdot.org,0482 Haas Terrace,Dallas,TX,(469) 873-2923
369,Steven,Bailey,sbaileya8@mlb.com,8987 Lawn Park,Dallas,TX,(469) 938-8249
370,Melissa,Perkins,mperkinsa9@psu.edu,0039 Hanson Court,Dallas,TX,(972) 995-3027
371,Ruby,Ross,rrossaa@lycos.com,86591 Roxbury Circle,Dallas,TX,(214) 917-1080
372,Billy,King,bkingab@gnu.org,831 Sutherland Point,Plano,TX,(214) 846-6560
373,Mildred,Sanchez,msanchezac@storify.com,09 Annamark Circle,Dallas,TX,(469) 877-2424
374,Linda,Duncan,lduncanad@paypal.com,09159 Charing Cross Way,Dallas,TX,(972) 877-3172
375,Janice,Montgomery,jmontgomeryae@columbia.edu,661 Grasskamp Alley,Dallas,TX,(214) 905-8688
376,Robin,Cox,rcoxaf@naver.com,0 Gerald Court,Dallas,TX,(972) 722-1586
377,Carol,Howell,chowellag@webnode.com,273 Sullivan Lane,Richardson,TX,(214) 831-1374
378,Doris,Welch,dwelchah@netscape.com,74 Oakridge Alley,Dallas,TX,(469) 983-6603
379,Debra,Kelly,dkellyai@spotify.com,0 Maywood Street,Dallas,TX,(469) 926-2312
380,Scott,Morales,smoralesaj@bing.com,823 Sherman Point,Plano,TX,(469) 801-1210
381,Louise,Murphy,lmurphyak@fema.gov,7113 Carpenter Drive,Dallas,TX,(469) 988-1773
382,Jack,Cruz,jcruzal@google.com.au,55322 Linden Point,Dallas,TX,(469) 896-0110
383,Teresa,Carter,tcarteram@zimbio.com,4757 Kingsford Street,Dallas,TX,(214) 964-1732
384,Eric,Flores,efloresan@behance.net,0 Vera Center,Dallas,TX,(214) 868-2141
385,Louis,Elliott,lelliottao@mit.edu,02 Jenna Trail,Dallas,TX,(972) 567-4117
386,Nicholas,Evans,nevansap@patch.com,13 Russell Lane,Dallas,TX,(214) 975-3027
387,Evelyn,Bailey,ebaileyaq@bbc.co.uk,77832 West Park,Dallas,TX,(972) 978-9540
388,Arthur,Ray,arayar@canalblog.com,3079 Donald Point,Dallas,TX,(469) 754-2762
389,Shawn,Burns,sburnsas@feedburner.com,51 Nelson Plaza,Dallas,TX,(469) 978-8065
390,Henry,Wallace,hwallaceat@list-manage.com,4139 Spaight Road,Richardson,TX,(972) 524-8949
391,Kathy,Garcia,kgarciaau@imdb.com,3657 Anhalt Trail,Richardson,TX,(469) 867-8069
392,Kenneth,Sanchez,ksanchezav@ibm.com,06600 Utah Crossing,Dallas,TX,(972) 810-0694
393,Carl,Bishop,cbishopaw@artisteer.com,01 Goodland Junction,Dallas,TX,(469) 792-3214
394,Harry,Tucker,htuckerax@yellowbook.com,8 Waubesa Parkway,Dallas,TX,(214) 925-4392
395,Christopher,Marshall,cmarshallay@liveinternet.ru,34693 Warbler Junction,Plano,TX,(214) 646-3142
396,Russell,Murphy,rmurphyaz@shutterfly.com,9552 Mandrake Center,Dallas,TX,(214) 843-3552
397,Jessica,Carr,jcarrb0@goo.gl,9 Sutteridge Pass,Dallas,TX,(469) 949-9851
398,Cheryl,Moore,cmooreb1@tinypic.com,0 2nd Plaza,Dallas,TX,(972) 272-0101
399,Lori,Carroll,lcarrollb2@usa.gov,879 Clarendon Alley,Dallas,TX,(469) 989-2206
400,Frank,Martin,fmartinb3@slate.com,428 Lindbergh Way,Dallas,TX,(972) 802-1808
401,Joyce,Allen,jallenb4@deviantart.com,5911 Troy Pass,Dallas,TX,(469) 935-7570
402,Philip,Gonzalez,pgonzalezb5@cbslocal.com,2 Buhler Street,Dallas,TX,(214) 941-2219
403,Nicole,Bell,nbellb6@delicious.com,69 Manitowish Lane,Dallas,TX,(214) 901-7334
404,Joseph,Perry,jperryb7@so-net.ne.jp,45 Judy Trail,Dallas,TX,(214) 938-2436
405,Doris,Peterson,dpetersonb8@engadget.com,56 Oxford Avenue,Dallas,TX,(214) 956-2812
406,Gregory,Marshall,gmarshallb9@narod.ru,17 Eastwood Terrace,Dallas,TX,(214) 824-0301
407,Virginia,Kelly,vkellyba@qq.com,37408 Morrow Court,Plano,TX,(972) 839-9825
408,Beverly,Hawkins,bhawkinsbb@feedburner.com,0 Hovde Terrace,Dallas,TX,(469) 814-1846
409,Scott,Gonzalez,sgonzalezbc@barnesandnoble.com,623 Westend Way,Dallas,TX,(469) 928-6396
410,Paul,Mcdonald,pmcdonaldbd@china.com.cn,334 Orin Avenue,Dallas,TX,(972) 994-1541
411,Dennis,Duncan,dduncanbe@marriott.com,05 Mitchell Hill,Dallas,TX,(469) 906-7817
412,Mary,Ryan,mryanbf@google.ru,24029 Nevada Way,Dallas,TX,(469) 827-6766
413,Victor,Smith,vsmithbg@creativecommons.org,0 Helena Point,Dallas,TX,(214) 828-3216
414,Ruby,Murray,rmurraybh@europa.eu,4920 Westend Court,Dallas,TX,(214) 859-6221
415,Jean,Garza,jgarzabi@dmoz.org,91 Havey Plaza,Plano,TX,(972) 738-9037
416,Andrew,Jordan,ajordanbj@umn.edu,38498 Park Meadow Crossing,Dallas,TX,(469) 762-1505
417,Harry,Marshall,hmarshallbk@ed.gov,24 Heffernan Crossing,Plano,TX,(972) 927-0592
418,Wayne,Franklin,wfranklinbl@instagram.com,35 Continental Alley,Dallas,TX,(214) 741-9000
419,Lillian,Gonzalez,lgonzalezbm@123-reg.co.uk,9922 Arkansas Circle,Plano,TX,(972) 872-9248
420,Rachel,Bishop,rbishopbn@whitehouse.gov,70227 Vernon Way,Dallas,TX,(972) 798-2559
421,Alan,Lynch,alynchbo@dailymail.co.uk,332 Dayton Plaza,Plano,TX,(214) 930-8850
422,Carlos,Ray,craybp@cdc.gov,62 Monument Park,Dallas,TX,(469) 942-7494
423,Frank,Taylor,ftaylorbq@seesaa.net,5 Lien Center,Dallas,TX,(214) 621-5602
424,Melissa,Burton,mburtonbr@yandex.ru,5 Springs Lane,Dallas,TX,(469) 567-0603
425,Anne,Nelson,anelsonbs@wp.com,34365 Kropf Park,Dallas,TX,(972) 904-1974
426,Amanda,Bailey,abaileybt@macromedia.com,29 Continental Point,Dallas,TX,(214) 819-4931
427,Chris,Duncan,cduncanbu@blogspot.com,35 Alpine Avenue,Dallas,TX,(214) 940-2965
428,Elizabeth,Gibson,egibsonbv@sitemeter.com,6602 Namekagon Way,Dallas,TX,(972) 863-7573
429,Keith,Brown,kbrownbw@slate.com,471 Burning Wood Park,Dallas,TX,(214) 849-4296
430,Karen,Sanchez,ksanchezbx@census.gov,71 Old Gate Point,Dallas,TX,(214) 915-6512
431,Marilyn,Meyer,mmeyerby@usatoday.com,3981 Lerdahl Point,Dallas,TX,(972) 956-5459
432,Harold,Little,hlittlebz@bbc.co.uk,81271 Evergreen Lane,Dallas,TX,(469) 888-8096
433,Henry,Dean,hdeanc0@soup.io,4913 Brentwood Center,Dallas,TX,(469) 950-2072
434,Joyce,Rivera,jriverac1@indiegogo.com,3 Johnson Pass,Dallas,TX,(469) 982-3317
435,Marie,Johnson,mjohnsonc2@cbc.ca,6 Graedel Street,Richardson,TX,(972) 701-4623
436,Aaron,Clark,aclarkc3@geocities.com,5169 Bashford Point,Plano,TX,(214) 931-4554
437,Anne,Campbell,acampbellc4@163.com,0140 Grover Place,Dallas,TX,(214) 962-1673
438,Janice,Garrett,jgarrettc5@i2i.jp,439 Prentice Hill,Dallas,TX,(972) 911-1842
439,Bobby,Johnson,bjohnsonc6@histats.com,7 Moulton Crossing,Dallas,TX,(469) 948-5326
440,Fred,Welch,fwelchc7@techcrunch.com,0 Lukken Alley,Dallas,TX,(214) 955-3447
441,Laura,Chapman,lchapmanc8@google.it,304 Lunder Hill,Richardson,TX,(469) 823-5855
442,Albert,Castillo,acastilloc9@shop-pro.jp,2 Beilfuss Center,Dallas,TX,(214) 705-0297
443,Julia,Oliver,joliverca@dyndns.org,42421 Farmco Street,Dallas,TX,(972) 780-5174
444,David,Russell,drussellcb@mlb.com,57840 Laurel Alley,Dallas,TX,(972) 852-7339
445,Russell,Montgomery,rmontgomerycc@clickbank.net,18 Hagan Pass,Dallas,TX,(972) 389-6002
446,Joe,Price,jpricecd@google.cn,1 Leroy Park,Dallas,TX,(214) 527-9098
447,Anthony,Harrison,aharrisonce@creativecommons.org,7123 Bunker Hill Junction,Dallas,TX,(972) 970-2532
448,Gregory,Hudson,ghudsoncf@uol.com.br,42 Park Meadow Park,Dallas,TX,(972) 883-9738
449,Michelle,Chapman,mchapmancg@pbs.org,29 Rieder Pass,Dallas,TX,(972) 911-7317
450,Chris,Bailey,cbaileych@slashdot.org,8 South Court,Dallas,TX,(214) 935-4761
451,Kevin,Wood,kwoodci@php.net,0 Pierstorff Park,Dallas,TX,(469) 876-1298
452,Louise,Spencer,lspencercj@edublogs.org,4462 Blaine Avenue,Dallas,TX,(214) 877-5122
453,Ruth,Lee,rleeck@geocities.jp,58 Waubesa Avenue,Dallas,TX,(469) 940-2041
454,Carolyn,Alexander,calexandercl@washingtonpost.com,634 Judy Pass,Dallas,TX,(214) 882-9567
455,Barbara,Rivera,briveracm@illinois.edu,93 North Pass,Dallas,TX,(972) 696-7148
456,Adam,Mcdonald,amcdonaldcn@go.com,20734 Beilfuss Park,Dallas,TX,(972) 846-7469
457,Sara,Graham,sgrahamco@reverbnation.com,4992 Ridgeview Court,Dallas,TX,(469) 586-2569
458,Henry,Spencer,hspencercp@etsy.com,919 7th Plaza,Dallas,TX,(214) 949-3097
459,Lillian,Austin,laustincq@ask.com,8 Eagle Crest Way,Richardson,TX,(469) 980-2648
460,Jerry,Pierce,jpiercecr@reference.com,16 Charing Cross Center,Dallas,TX,(469) 546-3297
461,Emily,Ruiz,eruizcs@google.fr,1 Claremont Junction,Plano,TX,(214) 961-5149
462,Lillian,Baker,lbakerct@ft.com,111 Village Plaza,Richardson,TX,(469) 643-7532
463,Ruth,Butler,rbutlercu@51.la,41052 Waubesa Lane,Richardson,TX,(972) 760-5201
464,Catherine,Welch,cwelchcv@bluehost.com,666 Kim Crossing,Dallas,TX,(972) 895-2567
465,Howard,Castillo,hcastillocw@themeforest.net,4069 Oneill Point,Richardson,TX,(214) 332-8692
466,Justin,Sanders,jsanderscx@gov.uk,2 Mayer Junction,Plano,TX,(214) 883-7551
467,Ronald,Roberts,rrobertscy@stanford.edu,25 South Lane,Dallas,TX,(972) 703-1253
468,Jane,Harrison,jharrisoncz@hibu.com,8070 Clarendon Parkway,Dallas,TX,(469) 907-0689
469,Benjamin,Grant,bgrantd0@bravesites.com,89750 Kenwood Crossing,Dallas,TX,(469) 978-2012
470,Harry,Miller,hmillerd1@google.com,721 High Crossing Court,Dallas,TX,(214) 867-9998
471,Matthew,Burke,mburked2@360.cn,735 Toban Park,Plano,TX,(972) 915-3614
472,Christine,Chavez,cchavezd3@behance.net,560 Atwood Pass,Dallas,TX,(214) 937-6446
473,Eric,Hernandez,ehernandezd4@sohu.com,80149 Haas Court,Dallas,TX,(214) 905-1189
474,Diana,Jones,djonesd5@canalblog.com,499 Pearson Junction,Dallas,TX,(469) 838-4299
475,Janet,Rice,jriced6@so-net.ne.jp,35291 Bunker Hill Way,Dallas,TX,(214) 291-3432
476,Diane,Ruiz,druizd7@webs.com,36 Cambridge Park,Dallas,TX,(469) 888-5191
477,Theresa,Russell,trusselld8@ehow.com,589 Northwestern Park,Dallas,TX,(214) 851-1236
478,Wayne,Hunt,whuntd9@oracle.com,9818 Westend Center,Plano,TX,(469) 941-4660
479,Virginia,Gordon,vgordonda@example.com,76 Tony Road,Dallas,TX,(214) 913-8462
480,Gloria,Rice,gricedb@cam.ac.uk,9 Golf View Alley,Dallas,TX,(214) 920-9672
481,Mildred,Butler,mbutlerdc@xinhuanet.com,67 Westerfield Avenue,Dallas,TX,(469) 283-4838
482,Debra,West,dwestdd@ed.gov,4799 Melody Parkway,Richardson,TX,(972) 966-6826
483,Nancy,Wheeler,nwheelerde@microsoft.com,737 Doe Crossing Trail,Dallas,TX,(972) 898-3947
484,Lawrence,Stone,lstonedf@tripadvisor.com,8 Darwin Alley,Richardson,TX,(214) 949-9916
485,Rachel,Reyes,rreyesdg@tmall.com,6 Anniversary Alley,Richardson,TX,(972) 939-6714
486,Amanda,Simpson,asimpsondh@gnu.org,15 Dixon Street,Dallas,TX,(972) 740-1910
487,Lori,Carroll,lcarrolldi@networkadvertising.org,213 Forest Point,Dallas,TX,(469) 958-8957
488,Bobby,Austin,baustindj@unesco.org,62352 Pankratz Road,Richardson,TX,(972) 912-7272
489,Brenda,Carpenter,bcarpenterdk@slashdot.org,6664 Prairie Rose Point,Dallas,TX,(214) 986-1471
490,Sharon,Mason,smasondl@google.pl,33 Moulton Lane,Dallas,TX,(972) 901-1745
491,Joshua,Ross,jrossdm@netvibes.com,4376 Kropf Road,Dallas,TX,(214) 915-4707
492,Melissa,Mccoy,mmccoydn@fc2.com,08770 Moland Lane,Richardson,TX,(469) 926-4571
493,Bobby,Kelly,bkellydo@altervista.org,79 Burning Wood Pass,Dallas,TX,(214) 860-1350
494,Jennifer,Ortiz,jortizdp@ucoz.com,25989 Mccormick Drive,Dallas,TX,(469) 874-7030
495,Chris,Carter,ccarterdq@comsenz.com,50486 Grim Alley,Dallas,TX,(469) 916-1204
496,Christopher,Gonzales,cgonzalesdr@arizona.edu,49163 Moose Point,Dallas,TX,(214) 959-6901
497,Albert,Gibson,agibsonds@uol.com.br,90 Lillian Trail,Dallas,TX,(469) 951-7990
498,Doris,Rose,drosedt@newyorker.com,1891 Melrose Terrace,Richardson,TX,(972) 849-4915
499,Marilyn,Jordan,mjordandu@technorati.com,61 Eagle Crest Junction,Richardson,TX,(214) 796-3512
500,Joe,Bowman,jbowmandv@marketwatch.com,26225 8th Road,Dallas,TX,(972) 882-8221
501,Denise,Price,dpricedw@sfgate.com,46 Knutson Drive,Richardson,TX,(972) 488-9450
502,Evelyn,Edwards,eedwardsdx@arstechnica.com,7867 Nancy Park,Dallas,TX,(972) 209-1095
503,Kimberly,Hernandez,khernandezdy@parallels.com,2 Buell Drive,Dallas,TX,(469) 779-6890
504,Norma,Boyd,nboyddz@hao123.com,35 Service Court,Dallas,TX,(972) 833-7491
505,Sharon,Ramos,sramose0@quantcast.com,39 Daystar Hill,Dallas,TX,(214) 898-7050
506,Rachel,Riley,rrileye1@wordpress.org,01017 Jay Plaza,Dallas,TX,(972) 803-8359
507,Randy,Jenkins,rjenkinse2@mozilla.org,794 Buena Vista Road,Dallas,TX,(469) 894-9345
508,John,Clark,jclarke3@linkedin.com,0708 North Terrace,Dallas,TX,(469) 918-1359
509,Ruby,Hansen,rhansene4@acquirethisname.com,8756 Wayridge Drive,Dallas,TX,(469) 941-4442
510,Ashley,Peters,apeterse5@state.gov,28880 4th Alley,Dallas,TX,(972) 893-4339
511,Albert,Garcia,agarciae6@redcross.org,0 Maple Terrace,Plano,TX,(972) 931-7094
512,Clarence,Holmes,cholmese7@pinterest.com,291 1st Terrace,Richardson,TX,(214) 952-6641
513,Julie,Parker,jparkere8@usnews.com,3377 Dahle Street,Dallas,TX,(214) 876-9952
514,Michael,Martinez,mmartineze9@wordpress.org,0967 Melrose Avenue,Dallas,TX,(214) 935-8776
515,William,Berry,wberryea@sogou.com,9 Hagan Street,Dallas,TX,(214) 885-1966
516,Gerald,Burke,gburkeeb@squarespace.com,5175 Florence Center,Dallas,TX,(469) 999-7380
517,Linda,Rodriguez,lrodriguezec@edublogs.org,2427 Reindahl Park,Dallas,TX,(972) 664-5725
518,Terry,Stephens,tstephensed@marketwatch.com,27291 Farragut Court,Dallas,TX,(972) 890-0078
519,Timothy,Hunt,thuntee@tripadvisor.com,4219 Westport Hill,Richardson,TX,(214) 950-1960
520,Richard,Cruz,rcruzef@arizona.edu,813 Darwin Avenue,Dallas,TX,(972) 889-2210
521,Gregory,Gomez,ggomezeg@free.fr,3993 American Circle,Dallas,TX,(972) 867-8273
522,Louise,Garza,lgarzaeh@naver.com,14760 Bobwhite Terrace,Dallas,TX,(469) 893-7918
523,James,Adams,jadamsei@mlb.com,055 Alpine Way,Richardson,TX,(972) 925-4501
524,Victor,Gardner,vgardnerej@yahoo.com,12141 Corscot Junction,Dallas,TX,(972) 962-2925
525,Ernest,Lane,elaneek@army.mil,66226 Nova Way,Plano,TX,(469) 999-6823
526,Joe,Griffin,jgriffinel@google.ca,205 Fuller Plaza,Dallas,TX,(469) 912-4055
527,Sean,Kelly,skellyem@typepad.com,3 Gerald Court,Dallas,TX,(214) 970-9971
528,Angela,Turner,aturneren@xrea.com,53 Colorado Pass,Plano,TX,(469) 945-2673
529,Jerry,Howard,jhowardeo@sohu.com,68198 Monterey Parkway,Dallas,TX,(972) 936-3734
530,Ashley,Lopez,alopezep@ucla.edu,405 Hovde Way,Dallas,TX,(972) 956-4194
531,Albert,Marshall,amarshalleq@miibeian.gov.cn,933 Claremont Avenue,Dallas,TX,(972) 771-8796
532,Michelle,Williams,mwilliamser@ask.com,07 Marquette Road,Dallas,TX,(469) 921-7056
533,Sharon,Wells,swellses@youtube.com,23 Twin Pines Parkway,Dallas,TX,(972) 841-5472
534,Doris,Gordon,dgordonet@springer.com,358 Pearson Court,Dallas,TX,(469) 945-1043
535,Patricia,Long,plongeu@abc.net.au,76 Jana Place,Plano,TX,(469) 711-2650
536,Helen,Lee,hleeev@theglobeandmail.com,65137 Summerview Crossing,Dallas,TX,(469) 656-8757
537,Kimberly,Collins,kcollinsew@omniture.com,9629 Delaware Crossing,Dallas,TX,(469) 789-3606
538,Mary,Dunn,mdunnex@google.ru,6848 Sunbrook Parkway,Dallas,TX,(214) 961-2821
539,Amy,Harper,aharperey@hud.gov,5863 Boyd Drive,Dallas,TX,(214) 988-3185
540,Bobby,Long,blongez@xrea.com,35 Paget Circle,Plano,TX,(214) 910-1295
541,Sara,Young,syoungf0@de.vu,71916 Sherman Point,Plano,TX,(972) 918-2624
542,Kathy,Oliver,koliverf1@tinyurl.com,0 Victoria Junction,Dallas,TX,(972) 784-8364
543,Ruby,Ray,rrayf2@usatoday.com,17 Hermina Point,Dallas,TX,(214) 987-1219
544,Lori,Schmidt,lschmidtf3@1und1.de,181 Rowland Hill,Dallas,TX,(469) 786-6455
545,Raymond,Fox,rfoxf4@infoseek.co.jp,1 Farwell Avenue,Dallas,TX,(214) 986-0132
546,Nancy,Turner,nturnerf5@timesonline.co.uk,1 Vermont Alley,Dallas,TX,(214) 984-4444
547,Gregory,Richards,grichardsf6@google.nl,9 Vidon Street,Dallas,TX,(214) 911-5776
548,Lawrence,Perez,lperezf7@dagondesign.com,6441 Derek Junction,Dallas,TX,(972) 932-7049
549,Thomas,Pierce,tpiercef8@people.com.cn,73803 Prairieview Alley,Dallas,TX,(214) 837-7005
550,Steve,Larson,slarsonf9@economist.com,6 Nobel Trail,Dallas,TX,(469) 818-8073
551,Aaron,Coleman,acolemanfa@creativecommons.org,62 Golden Leaf Crossing,Plano,TX,(972) 965-7245
552,Joe,Daniels,jdanielsfb@who.int,916 Marcy Way,Richardson,TX,(972) 852-7588
553,Theresa,Porter,tporterfc@mozilla.org,8868 Blaine Pass,Dallas,TX,(214) 841-2263
554,Kathleen,Crawford,kcrawfordfd@google.es,44 Elmside Place,Dallas,TX,(214) 466-2521
555,Joe,Bradley,jbradleyfe@cyberchimps.com,90362 Kipling Plaza,Dallas,TX,(214) 934-9993
556,Paul,Jacobs,pjacobsff@typepad.com,512 Tennessee Place,Dallas,TX,(214) 842-8747
557,Andrew,Reid,areidfg@yandex.ru,7654 Moland Terrace,Dallas,TX,(972) 610-4548
558,Ralph,George,rgeorgefh@squarespace.com,072 Merchant Trail,Dallas,TX,(972) 917-6796
559,Jeremy,Brown,jbrownfi@biblegateway.com,2 Old Shore Park,Plano,TX,(469) 982-3476
560,Nicholas,Kennedy,nkennedyfj@geocities.com,2067 Jana Parkway,Dallas,TX,(214) 951-6843
561,Ronald,Wells,rwellsfk@cbslocal.com,37 Prairieview Parkway,Plano,TX,(469) 672-3875
562,Albert,Gilbert,agilbertfl@dion.ne.jp,7169 Scoville Avenue,Dallas,TX,(972) 599-7668
563,Jason,Turner,jturnerfm@google.com.hk,208 Summit Park,Dallas,TX,(972) 919-7729
564,Arthur,Spencer,aspencerfn@pinterest.com,624 Kropf Terrace,Dallas,TX,(469) 790-4776
565,Bonnie,Ray,brayfo@soup.io,20935 Vahlen Pass,Dallas,TX,(469) 690-0504
566,Carol,Ryan,cryanfp@boston.com,43 Sloan Avenue,Dallas,TX,(469) 959-3742
567,Kevin,Little,klittlefq@nasa.gov,244 Tony Center,Dallas,TX,(214) 865-6806
568,Todd,Hall,thallfr@wp.com,3896 Corscot Circle,Dallas,TX,(214) 623-7406
569,Ralph,Hart,rhartfs@tamu.edu,16083 Lillian Crossing,Dallas,TX,(469) 916-1028
570,Ruby,Martin,rmartinft@omniture.com,6 Merry Trail,Dallas,TX,(469) 781-1733
571,Julia,Kim,jkimfu@apache.org,30 Corscot Terrace,Richardson,TX,(972) 826-8872
572,Lawrence,Reyes,lreyesfv@t-online.de,70001 Lunder Pass,Plano,TX,(469) 952-7199
573,Ronald,Rivera,rriverafw@umn.edu,0 Fuller Trail,Dallas,TX,(469) 977-6988
574,Kenneth,Medina,kmedinafx@cocolog-nifty.com,652 Melody Avenue,Dallas,TX,(469) 815-2235
575,Angela,Clark,aclarkfy@gravatar.com,916 Elka Place,Dallas,TX,(972) 726-9437
576,Diane,Brown,dbrownfz@rakuten.co.jp,4221 Petterle Junction,Plano,TX,(972) 633-7951
577,Jack,Ward,jwardg0@ustream.tv,00625 Warner Street,Dallas,TX,(972) 802-4440
578,Roger,Powell,rpowellg1@free.fr,48387 Corben Junction,Dallas,TX,(214) 803-6520
579,Rachel,Cook,rcookg2@bing.com,214 Eastwood Hill,Dallas,TX,(214) 862-3951
580,Karen,Burke,kburkeg3@edublogs.org,09242 Victoria Plaza,Dallas,TX,(469) 897-7697
581,Kimberly,Robinson,krobinsong4@blog.com,26233 Oneill Junction,Dallas,TX,(214) 810-2174
582,Samuel,Bryant,sbryantg5@about.me,95 Pearson Pass,Dallas,TX,(972) 509-6994
583,Russell,Berry,rberryg6@icio.us,27 Moose Plaza,Plano,TX,(214) 969-7916
584,Paula,Frazier,pfrazierg7@i2i.jp,713 Havey Court,Dallas,TX,(469) 704-7407
585,Anna,Rice,ariceg8@springer.com,9 Lunder Center,Dallas,TX,(469) 960-1948
586,Diane,Stanley,dstanleyg9@amazon.com,96 Roth Hill,Richardson,TX,(214) 955-8100
587,Billy,Snyder,bsnyderga@i2i.jp,8170 Clarendon Crossing,Dallas,TX,(972) 883-8736
588,Juan,Bailey,jbaileygb@japanpost.jp,6 Logan Crossing,Plano,TX,(972) 954-9785
589,Patricia,Green,pgreengc@mtv.com,27001 Mayfield Street,Dallas,TX,(972) 880-1670
590,Louise,Harrison,lharrisongd@bloomberg.com,4383 Forest Dale Hill,Plano,TX,(972) 591-6825
591,Scott,Cunningham,scunninghamge@latimes.com,1312 Kinsman Terrace,Dallas,TX,(469) 940-8227
592,Steve,White,swhitegf@fc2.com,57 Vera Lane,Dallas,TX,(972) 573-3704
593,Brandon,Jones,bjonesgg@loc.gov,8845 Blackbird Terrace,Dallas,TX,(214) 982-8588
594,Rebecca,Reed,rreedgh@google.de,012 Sunbrook Place,Plano,TX,(469) 800-1493
595,Kelly,Hawkins,khawkinsgi@prweb.com,517 Bay Crossing,Dallas,TX,(972) 839-2019
596,Kenneth,Hudson,khudsongj@rambler.ru,16 Porter Trail,Dallas,TX,(972) 977-7399
597,Tammy,Butler,tbutlergk@mtv.com,0897 Amoth Hill,Dallas,TX,(214) 934-8616
598,Steven,Lane,slanegl@unc.edu,0185 Hollow Ridge Street,Dallas,TX,(214) 993-0045
599,Jean,West,jwestgm@buzzfeed.com,5487 Tomscot Place,Plano,TX,(214) 814-4521
600,Keith,Mason,kmasongn@tripadvisor.com,1 Norway Maple Park,Richardson,TX,(469) 237-7698
601,Jose,Morales,jmoralesgo@ed.gov,36703 Pennsylvania Center,Dallas,TX,(214) 936-8952
602,Johnny,Harris,jharrisgp@apple.com,816 Ramsey Pass,Dallas,TX,(214) 800-8878
603,Harold,Romero,hromerogq@trellian.com,864 Clove Plaza,Dallas,TX,(972) 958-7058
604,Jose,Phillips,jphillipsgr@wiley.com,726 Farwell Road,Dallas,TX,(469) 922-7795
605,Tina,Nguyen,tnguyengs@diigo.com,7814 Fairview Avenue,Dallas,TX,(214) 858-2813
606,Michelle,Hill,mhillgt@taobao.com,70 Jana Plaza,Plano,TX,(214) 805-4933
607,Henry,Powell,hpowellgu@symantec.com,1 Arapahoe Plaza,Dallas,TX,(469) 861-9090
608,Donna,Nelson,dnelsongv@reverbnation.com,4 Homewood Alley,Dallas,TX,(469) 700-9754
609,Louis,Perry,lperrygw@hatena.ne.jp,1655 Heffernan Pass,Dallas,TX,(214) 820-3573
610,Paul,Lee,pleegx@google.de,41406 Ridge Oak Parkway,Dallas,TX,(972) 810-6175
611,Diana,King,dkinggy@bluehost.com,65113 Saint Paul Court,Dallas,TX,(972) 748-9174
612,Evelyn,Campbell,ecampbellgz@unblog.fr,68 Mifflin Court,Dallas,TX,(214) 743-4130
613,Louis,Howard,lhowardh0@purevolume.com,0 Lyons Park,Dallas,TX,(972) 941-3029
614,Irene,Robinson,irobinsonh1@howstuffworks.com,04 Fairfield Parkway,Dallas,TX,(469) 943-6537
615,Alice,Armstrong,aarmstrongh2@tumblr.com,7068 Derek Alley,Dallas,TX,(214) 911-6490
616,Eugene,Woods,ewoodsh3@mit.edu,56245 Graceland Way,Dallas,TX,(972) 832-8839
617,Louis,Taylor,ltaylorh4@bloglines.com,09508 Thackeray Center,Dallas,TX,(214) 932-0979
618,Deborah,Owens,dowensh5@domainmarket.com,12322 Hayes Center,Dallas,TX,(214) 971-1946
619,Marilyn,Collins,mcollinsh6@booking.com,305 1st Crossing,Dallas,TX,(972) 927-4971
620,Virginia,Gonzalez,vgonzalezh7@list-manage.com,03722 Huxley Point,Dallas,TX,(214) 864-3430
621,Helen,Ryan,hryanh8@nps.gov,51 Kennedy Parkway,Dallas,TX,(214) 988-0720
622,John,Myers,jmyersh9@pen.io,4 Mendota Junction,Dallas,TX,(214) 437-0969
623,Mary,Collins,mcollinsha@prweb.com,261 Almo Alley,Dallas,TX,(469) 987-5918
624,Raymond,Carter,rcarterhb@dmoz.org,71 Eastwood Way,Dallas,TX,(972) 891-0800
625,Mary,Ramos,mramoshc@tripod.com,6 Anderson Lane,Plano,TX,(214) 989-0536
626,Kathy,Ferguson,kfergusonhd@hibu.com,20 7th Place,Dallas,TX,(214) 607-7944
627,Clarence,Morales,cmoraleshe@joomla.org,4645 Homewood Trail,Plano,TX,(214) 900-0324
628,Teresa,Campbell,tcampbellhf@si.edu,0241 Bultman Point,Dallas,TX,(214) 930-0030
629,Roger,Nguyen,rnguyenhg@hc360.com,249 Marquette Center,Dallas,TX,(972) 931-8604
630,Phyllis,Long,plonghh@cnn.com,9 Bluestem Circle,Dallas,TX,(972) 661-7458
631,Michael,Taylor,mtaylorhi@bandcamp.com,18398 Florence Place,Dallas,TX,(972) 833-7591
632,John,Watkins,jwatkinshj@webeden.co.uk,1669 Ridgeview Hill,Richardson,TX,(214) 925-0299
633,Carolyn,Garcia,cgarciahk@typepad.com,9 Dapin Trail,Dallas,TX,(214) 920-2780
634,Donald,Phillips,dphillipshl@google.fr,7 Alpine Alley,Dallas,TX,(214) 813-6913
635,Deborah,Watson,dwatsonhm@bluehost.com,75 Carey Parkway,Dallas,TX,(469) 809-1498
636,Annie,Shaw,ashawhn@answers.com,66820 Bunting Plaza,Dallas,TX,(972) 965-6678
637,Alan,Price,apriceho@tinyurl.com,84 Rutledge Junction,Dallas,TX,(972) 776-5854
638,Kathryn,Morrison,kmorrisonhp@oracle.com,59100 Onsgard Crossing,Dallas,TX,(972) 875-1440
639,Christopher,Johnson,cjohnsonhq@hp.com,777 Ludington Terrace,Dallas,TX,(972) 679-9556
640,Joshua,Bishop,jbishophr@si.edu,0 Grim Place,Dallas,TX,(214) 600-5143
641,Ernest,Jones,ejoneshs@liveinternet.ru,8085 Weeping Birch Alley,Dallas,TX,(972) 948-1978
642,Melissa,Banks,mbanksht@google.es,578 Reindahl Trail,Dallas,TX,(972) 993-2150
643,Arthur,Lane,alanehu@admin.ch,26696 Steensland Court,Plano,TX,(214) 959-8756
644,Joyce,Perkins,jperkinshv@nhs.uk,8 Bluestem Park,Dallas,TX,(972) 942-5394
645,Judith,Sullivan,jsullivanhw@nifty.com,95194 Badeau Trail,Dallas,TX,(972) 890-8729
646,Billy,Johnson,bjohnsonhx@si.edu,95272 Kensington Plaza,Dallas,TX,(972) 823-5333
647,Marie,Bell,mbellhy@ucoz.com,74 Anderson Avenue,Dallas,TX,(469) 991-0533
648,Jimmy,Ford,jfordhz@cpanel.net,14311 Merchant Court,Dallas,TX,(469) 937-3556
649,Alice,Mccoy,amccoyi0@ifeng.com,6 Nelson Avenue,Dallas,TX,(469) 848-7697
650,Richard,Matthews,rmatthewsi1@chronoengine.com,121 Warrior Alley,Dallas,TX,(972) 963-0887
651,Daniel,Foster,dfosteri2@nymag.com,84 Charing Cross Avenue,Dallas,TX,(972) 838-0899
652,Earl,Banks,ebanksi3@theglobeandmail.com,0 Lindbergh Place,Dallas,TX,(972) 921-9987
653,Scott,Rogers,srogersi4@reverbnation.com,9 Gulseth Circle,Dallas,TX,(469) 936-7824
654,Richard,Baker,rbakeri5@merriam-webster.com,68093 Ridge Oak Junction,Dallas,TX,(972) 957-8835
655,Robin,Mcdonald,rmcdonaldi6@unblog.fr,3407 Old Gate Circle,Dallas,TX,(972) 858-2976
656,Victor,Riley,vrileyi7@devhub.com,219 Fair Oaks Park,Dallas,TX,(214) 932-7141
657,Anne,Lopez,alopezi8@samsung.com,62 Truax Terrace,Dallas,TX,(972) 987-8304
658,Margaret,Fisher,mfisheri9@goodreads.com,53744 Prentice Alley,Dallas,TX,(469) 711-2192
659,Amanda,Perkins,aperkinsia@360.cn,629 Troy Way,Dallas,TX,(972) 937-2368
660,Linda,Perry,lperryib@eepurl.com,83189 Esch Circle,Dallas,TX,(214) 865-3742
661,Wanda,Lawrence,wlawrenceic@newsvine.com,6239 Mandrake Alley,Dallas,TX,(214) 772-4765
662,Tina,Mitchell,tmitchellid@multiply.com,42613 Pankratz Hill,Dallas,TX,(972) 791-8636
663,Jacqueline,Gordon,jgordonie@bloglovin.com,3603 Vernon Junction,Dallas,TX,(972) 979-5379
664,Betty,Hunt,bhuntif@yahoo.com,79 Welch Court,Dallas,TX,(214) 615-4372
665,Kevin,Webb,kwebbig@aol.com,156 Lukken Lane,Dallas,TX,(214) 947-7416
666,Joshua,Evans,jevansih@forbes.com,225 Dixon Center,Richardson,TX,(214) 882-4750
667,Kathleen,Peters,kpetersii@ameblo.jp,5024 Park Meadow Park,Dallas,TX,(214) 838-2643
668,Marie,Mason,mmasonij@mapy.cz,651 Cody Trail,Dallas,TX,(972) 918-8605
669,Jean,Morrison,jmorrisonik@nhs.uk,68 Stuart Parkway,Dallas,TX,(972) 767-8868
670,Daniel,Hudson,dhudsonil@networksolutions.com,16609 Oak Valley Plaza,Dallas,TX,(214) 921-7666
671,Judith,Dixon,jdixonim@odnoklassniki.ru,8 Almo Court,Dallas,TX,(972) 908-2892
672,Roy,Morales,rmoralesin@chronoengine.com,05025 Muir Point,Dallas,TX,(972) 635-1013
673,Justin,Marshall,jmarshallio@quantcast.com,972 Crownhardt Circle,Plano,TX,(469) 778-6036
674,Gregory,Smith,gsmithip@house.gov,59810 Erie Circle,Dallas,TX,(972) 868-0952
675,Deborah,Reed,dreediq@sitemeter.com,426 Swallow Hill,Richardson,TX,(214) 981-2497
676,Pamela,King,pkingir@google.es,1754 Pennsylvania Way,Plano,TX,(214) 989-0559
677,Alan,Welch,awelchis@biblegateway.com,1102 Magdeline Court,Richardson,TX,(469) 984-4212
678,Samuel,Moore,smooreit@sina.com.cn,41307 Grasskamp Drive,Dallas,TX,(972) 850-8906
679,Katherine,Holmes,kholmesiu@paypal.com,0 Rowland Avenue,Dallas,TX,(972) 954-3190
680,Harold,Williams,hwilliamsiv@paginegialle.it,7576 Vermont Plaza,Dallas,TX,(214) 889-7673
681,Evelyn,Nguyen,enguyeniw@marketwatch.com,590 Independence Circle,Dallas,TX,(469) 746-7480
682,Joe,Cooper,jcooperix@livejournal.com,1421 Linden Avenue,Plano,TX,(469) 977-1179
683,Helen,Fernandez,hfernandeziy@google.ru,70499 Michigan Circle,Dallas,TX,(469) 831-8504
684,Nicholas,Gibson,ngibsoniz@ebay.com,2454 Clemons Crossing,Plano,TX,(972) 906-3742
685,Angela,Tucker,atuckerj0@who.int,50 Brentwood Crossing,Dallas,TX,(972) 650-5349
686,Amy,Washington,awashingtonj1@miibeian.gov.cn,93083 Elka Lane,Dallas,TX,(972) 817-2285
687,Gregory,Sanchez,gsanchezj2@psu.edu,230 Briar Crest Road,Dallas,TX,(972) 860-8215
688,Terry,Kennedy,tkennedyj3@boston.com,55 Summer Ridge Point,Dallas,TX,(214) 945-1527
689,Charles,Bradley,cbradleyj4@nature.com,10 Kenwood Avenue,Dallas,TX,(214) 763-4487
690,Judy,Gilbert,jgilbertj5@pinterest.com,0 Roth Alley,Dallas,TX,(214) 917-8414
691,Paul,Chapman,pchapmanj6@cam.ac.uk,57011 Reindahl Terrace,Richardson,TX,(469) 918-9529
692,Cheryl,Taylor,ctaylorj7@simplemachines.org,4916 Stang Hill,Plano,TX,(469) 602-9760
693,Linda,Nelson,lnelsonj8@sphinn.com,46 Lukken Hill,Dallas,TX,(214) 728-3594
694,Edward,Harvey,eharveyj9@geocities.com,2989 Leroy Point,Dallas,TX,(469) 999-8714
695,Carolyn,Chapman,cchapmanja@topsy.com,9524 Amoth Lane,Dallas,TX,(214) 947-2089
696,Jack,Hudson,jhudsonjb@google.cn,2 Claremont Drive,Dallas,TX,(972) 544-4023
697,Adam,Gardner,agardnerjc@huffingtonpost.com,907 Corben Alley,Dallas,TX,(214) 548-0751
698,Julia,Pierce,jpiercejd@simplemachines.org,8 Heath Avenue,Richardson,TX,(469) 701-5525
699,Janet,Robertson,jrobertsonje@blogspot.com,20 Mesta Plaza,Dallas,TX,(214) 836-2849
700,Maria,Romero,mromerojf@bandcamp.com,188 Loeprich Drive,Richardson,TX,(214) 845-7095
701,Diana,Rogers,drogersjg@paypal.com,58 Welch Place,Dallas,TX,(469) 502-6533
702,Evelyn,Carter,ecarterjh@wikia.com,8 Fair Oaks Alley,Plano,TX,(469) 825-0017
703,Bruce,Armstrong,barmstrongji@senate.gov,9 Memorial Junction,Plano,TX,(214) 875-5764
704,Janice,Matthews,jmatthewsjj@ning.com,967 Mifflin Center,Dallas,TX,(469) 914-7781
705,Mildred,Nelson,mnelsonjk@mediafire.com,9598 Union Terrace,Dallas,TX,(972) 452-3908
706,Shawn,Robertson,srobertsonjl@list-manage.com,6590 Holy Cross Way,Dallas,TX,(972) 656-2026
707,Elizabeth,Tucker,etuckerjm@lulu.com,65 Fulton Court,Dallas,TX,(214) 987-6456
708,Dorothy,Harper,dharperjn@icio.us,83 Boyd Center,Dallas,TX,(214) 827-1293
709,Jack,Woods,jwoodsjo@nps.gov,10 Crest Line Pass,Dallas,TX,(214) 942-9460
710,Eric,Jordan,ejordanjp@oaic.gov.au,154 Redwing Way,Richardson,TX,(469) 924-3271
711,Marilyn,Taylor,mtaylorjq@marketwatch.com,57 Farmco Park,Dallas,TX,(214) 806-7627
712,Timothy,Edwards,tedwardsjr@addtoany.com,109 Larry Road,Dallas,TX,(214) 974-9365
713,Carol,Welch,cwelchjs@apple.com,121 Ohio Road,Dallas,TX,(214) 821-0016
714,Sandra,Reed,sreedjt@constantcontact.com,1876 Westend Court,Plano,TX,(469) 896-9764
715,Jason,Dunn,jdunnju@sakura.ne.jp,90950 Sherman Way,Richardson,TX,(972) 712-6791
716,Paula,Jordan,pjordanjv@va.gov,0 Schurz Lane,Dallas,TX,(214) 956-1394
717,Willie,Hernandez,whernandezjw@sakura.ne.jp,46 Bluejay Crossing,Dallas,TX,(469) 869-1585
718,Chris,Phillips,cphillipsjx@un.org,2563 Macpherson Avenue,Dallas,TX,(214) 795-5477
719,Juan,Hayes,jhayesjy@shinystat.com,5 Melvin Junction,Dallas,TX,(469) 666-0063
720,Helen,Lopez,hlopezjz@blogs.com,2 Maryland Park,Richardson,TX,(214) 904-8793
721,Justin,Porter,jporterk0@biblegateway.com,66 Lerdahl Street,Dallas,TX,(469) 820-0587
722,Johnny,Garcia,jgarciak1@so-net.ne.jp,85 Sloan Street,Dallas,TX,(469) 962-1344
723,Katherine,Taylor,ktaylork2@uiuc.edu,00 Carey Alley,Dallas,TX,(469) 755-0265
724,Jacqueline,Howell,jhowellk3@yale.edu,30 Meadow Valley Trail,Dallas,TX,(972) 817-4256
725,Earl,Richards,erichardsk4@mysql.com,431 Birchwood Court,Dallas,TX,(214) 959-4661
726,Clarence,Woods,cwoodsk5@patch.com,7 Schiller Road,Plano,TX,(214) 913-1723
727,Jessica,Gonzales,jgonzalesk6@baidu.com,645 Rutledge Road,Dallas,TX,(972) 938-3645
728,Matthew,Warren,mwarrenk7@g.co,4561 Texas Lane,Dallas,TX,(972) 971-6529
729,Kathy,Smith,ksmithk8@thetimes.co.uk,8726 Packers Parkway,Dallas,TX,(214) 953-4343
730,Keith,Collins,kcollinsk9@amazonaws.com,99196 Surrey Court,Dallas,TX,(214) 788-7439
731,Joan,Garrett,jgarrettka@ycombinator.com,43 Scoville Pass,Plano,TX,(972) 954-7260
732,Diane,Little,dlittlekb@odnoklassniki.ru,11 Donald Road,Plano,TX,(469) 688-9174
733,Wanda,Mendoza,wmendozakc@marketwatch.com,34327 Sunbrook Hill,Dallas,TX,(469) 569-6125
734,Martin,Nguyen,mnguyenkd@elpais.com,08974 Bowman Way,Dallas,TX,(469) 996-7003
735,Donald,Andrews,dandrewske@yandex.ru,8 Kennedy Terrace,Dallas,TX,(972) 828-3356
736,Ruth,Weaver,rweaverkf@wiley.com,46239 Kipling Terrace,Dallas,TX,(214) 802-4320
737,Patricia,Gilbert,pgilbertkg@nature.com,43 Mariners Cove Center,Dallas,TX,(214) 814-7712
738,Carlos,Ford,cfordkh@dell.com,0 Dovetail Avenue,Dallas,TX,(214) 658-8568
739,Louise,Arnold,larnoldki@ucoz.ru,55 Mandrake Crossing,Dallas,TX,(972) 903-4805
740,Henry,Nichols,hnicholskj@loc.gov,08 Oak Valley Park,Richardson,TX,(214) 941-0961
741,Kathleen,Hayes,khayeskk@amazon.com,72 Mcguire Road,Dallas,TX,(469) 895-4109
742,Bonnie,Mccoy,bmccoykl@blinklist.com,83175 Cottonwood Way,Dallas,TX,(214) 913-2990
743,Jerry,Montgomery,jmontgomerykm@soundcloud.com,10 Northland Plaza,Dallas,TX,(214) 826-7806
744,Jessica,Mccoy,jmccoykn@discuz.net,09315 Trailsway Court,Dallas,TX,(214) 918-2939
745,Jean,Ryan,jryanko@npr.org,801 Hooker Center,Richardson,TX,(214) 998-5831
746,Joyce,Clark,jclarkkp@wp.com,360 Hovde Way,Dallas,TX,(469) 853-7767
747,Marilyn,Cruz,mcruzkq@yandex.ru,4 Esker Plaza,Dallas,TX,(469) 947-7763
748,Christine,Young,cyoungkr@devhub.com,70 Meadow Valley Pass,Richardson,TX,(972) 989-7753
749,Marie,Phillips,mphillipsks@surveymonkey.com,8 Pleasure Drive,Dallas,TX,(469) 603-0113
750,Ann,Bryant,abryantkt@sohu.com,451 Sundown Drive,Dallas,TX,(214) 940-1980
751,Bruce,Bailey,bbaileyku@amazon.de,1228 Warner Hill,Dallas,TX,(972) 785-6558
752,Julie,Fields,jfieldskv@epa.gov,0 Hayes Alley,Dallas,TX,(214) 226-5537
753,Gregory,Schmidt,gschmidtkw@odnoklassniki.ru,998 Merchant Circle,Dallas,TX,(972) 990-8419
754,Marilyn,Ryan,mryankx@abc.net.au,877 Forster Lane,Dallas,TX,(469) 900-2911
755,Julia,Long,jlongky@tuttocitta.it,472 Forest Trail,Dallas,TX,(972) 934-8954
756,Victor,Peterson,vpetersonkz@apple.com,3653 Sage Parkway,Dallas,TX,(214) 965-4668
757,Sara,Ruiz,sruizl0@fastcompany.com,75507 Center Way,Richardson,TX,(214) 988-8363
758,Roy,Barnes,rbarnesl1@google.com.hk,4505 Transport Drive,Dallas,TX,(469) 530-2193
759,Anthony,Carpenter,acarpenterl2@arizona.edu,61 Karstens Plaza,Dallas,TX,(214) 939-8741
760,Jessica,Rodriguez,jrodriguezl3@hc360.com,3969 Springview Court,Dallas,TX,(469) 846-8175
761,Craig,Carter,ccarterl4@blogger.com,3 Hayes Plaza,Dallas,TX,(214) 974-6461
762,Brandon,Ellis,bellisl5@marriott.com,9617 Summit Terrace,Dallas,TX,(469) 767-8210
763,Richard,Torres,rtorresl6@google.com.br,19723 Cherokee Drive,Dallas,TX,(972) 915-3282
764,Janet,Mcdonald,jmcdonaldl7@linkedin.com,63455 Division Park,Plano,TX,(469) 586-2793
765,Raymond,Campbell,rcampbelll8@businesswire.com,495 Mallard Street,Dallas,TX,(214) 881-9579
766,Mark,Fields,mfieldsl9@wordpress.com,03 Menomonie Junction,Dallas,TX,(972) 919-4515
767,William,Cox,wcoxla@storify.com,2 Veith Junction,Dallas,TX,(972) 897-9587
768,Ruby,Hansen,rhansenlb@disqus.com,759 Mandrake Avenue,Dallas,TX,(214) 912-1668
769,Phillip,Richards,prichardslc@ycombinator.com,29931 Northridge Trail,Dallas,TX,(972) 783-3567
770,Richard,Jordan,rjordanld@thetimes.co.uk,76466 Milwaukee Lane,Dallas,TX,(469) 998-7983
771,Marie,Perez,mperezle@mashable.com,38 Summer Ridge Court,Dallas,TX,(469) 682-4358
772,Cheryl,Butler,cbutlerlf@wiley.com,68 Maple Court,Dallas,TX,(469) 448-2582
773,Michelle,Carpenter,mcarpenterlg@reference.com,99896 New Castle Trail,Dallas,TX,(469) 780-0762
774,Adam,Cooper,acooperlh@infoseek.co.jp,74125 Laurel Center,Dallas,TX,(214) 812-8288
775,Nancy,Shaw,nshawli@prnewswire.com,347 Oak Plaza,Dallas,TX,(214) 849-5837
776,Ernest,Gomez,egomezlj@technorati.com,34530 Donald Pass,Dallas,TX,(972) 966-3976
777,Wanda,Wilson,wwilsonlk@globo.com,3 Rockefeller Point,Dallas,TX,(214) 783-6562
778,Melissa,Bailey,mbaileyll@jiathis.com,94627 Hoard Parkway,Dallas,TX,(972) 870-8953
779,Clarence,Gray,cgraylm@hc360.com,797 Merrick Way,Dallas,TX,(972) 951-5685
780,Janice,Hunter,jhunterln@dedecms.com,3 Sheridan Trail,Dallas,TX,(972) 888-0899
781,Raymond,Murray,rmurraylo@wiley.com,3083 Crescent Oaks Road,Dallas,TX,(972) 900-8986
782,Bruce,Hansen,bhansenlp@dedecms.com,88200 Johnson Alley,Dallas,TX,(214) 892-9528
783,Ryan,Mccoy,rmccoylq@ebay.co.uk,27278 American Ash Avenue,Dallas,TX,(469) 786-6255
784,Jerry,Fowler,jfowlerlr@plala.or.jp,0 Lighthouse Bay Circle,Dallas,TX,(214) 653-3127
785,Frank,Harper,fharperls@g.co,8 Fairview Drive,Dallas,TX,(972) 810-8573
786,George,Garza,ggarzalt@smh.com.au,0 Granby Lane,Dallas,TX,(469) 758-5662
787,Sharon,Olson,solsonlu@homestead.com,7705 Ridge Oak Plaza,Richardson,TX,(972) 982-4528
788,Kathryn,Reed,kreedlv@paginegialle.it,086 Bunker Hill Way,Dallas,TX,(972) 937-2108
789,Randy,Weaver,rweaverlw@1und1.de,5 Del Mar Junction,Richardson,TX,(214) 853-7737
790,Linda,Washington,lwashingtonlx@example.com,8122 Sachtjen Circle,Richardson,TX,(972) 914-5391
791,Elizabeth,Anderson,eandersonly@github.io,80 Dunning Circle,Dallas,TX,(469) 881-4443
792,Henry,Kim,hkimlz@shareasale.com,9861 Elmside Crossing,Dallas,TX,(214) 912-9599
793,Earl,Morales,emoralesm0@wiley.com,16 Manley Pass,Dallas,TX,(214) 651-0786
794,Howard,Ford,hfordm1@sfgate.com,31553 5th Place,Richardson,TX,(972) 940-7458
795,Tammy,Fox,tfoxm2@1688.com,29405 Hauk Road,Dallas,TX,(214) 997-3240
796,Sarah,Hicks,shicksm3@goodreads.com,38 Lighthouse Bay Pass,Plano,TX,(214) 901-9314
797,Diana,Montgomery,dmontgomerym4@google.nl,2 Welch Parkway,Dallas,TX,(214) 603-6856
798,Joan,Boyd,jboydm5@example.com,393 School Plaza,Dallas,TX,(469) 882-9965
799,Barbara,Simmons,bsimmonsm6@google.cn,678 Barnett Point,Dallas,TX,(469) 415-7518
800,Keith,Carroll,kcarrollm7@live.com,46912 Veith Place,Dallas,TX,(214) 821-2150
801,Ruby,Bryant,rbryantm8@cpanel.net,0502 Dorton Place,Dallas,TX,(214) 583-2918
802,Andrew,Holmes,aholmesm9@photobucket.com,87963 Darwin Plaza,Dallas,TX,(469) 993-5278
803,Juan,King,jkingma@delicious.com,3344 Schlimgen Point,Dallas,TX,(972) 823-3180
804,Michael,Warren,mwarrenmb@wsj.com,1 Northwestern Road,Dallas,TX,(469) 912-0181
805,Randy,Wagner,rwagnermc@tripadvisor.com,28585 Iowa Pass,Richardson,TX,(972) 981-8393
806,Jose,Kelly,jkellymd@histats.com,088 Cambridge Trail,Plano,TX,(972) 832-9963
807,Peter,Ford,pfordme@scientificamerican.com,3 Boyd Point,Dallas,TX,(214) 978-2937
808,Peter,Edwards,pedwardsmf@theguardian.com,70349 Hallows Way,Richardson,TX,(214) 991-6626
809,Louise,Peters,lpetersmg@boston.com,79475 Morrow Pass,Dallas,TX,(972) 902-4551
810,Stephanie,Perry,sperrymh@webmd.com,08750 Forest Dale Road,Dallas,TX,(214) 899-9004
811,Lawrence,Adams,ladamsmi@fema.gov,38 Forster Terrace,Dallas,TX,(214) 925-8866
812,Gregory,Hansen,ghansenmj@tinyurl.com,419 Longview Trail,Plano,TX,(469) 899-8651
813,Ralph,Medina,rmedinamk@harvard.edu,74 High Crossing Lane,Plano,TX,(469) 953-9007
814,Joan,Cooper,jcooperml@dailymotion.com,52 Fremont Road,Dallas,TX,(972) 842-0287
815,Karen,George,kgeorgemm@google.com.br,560 Menomonie Plaza,Dallas,TX,(469) 551-3026
816,Theresa,Cunningham,tcunninghammn@utexas.edu,8148 Florence Drive,Dallas,TX,(469) 861-6774
817,Dennis,Young,dyoungmo@hexun.com,378 Carberry Place,Dallas,TX,(214) 602-2841
818,Joseph,Castillo,jcastillomp@nps.gov,4 Surrey Park,Dallas,TX,(469) 916-0494
819,Eugene,Fisher,efishermq@github.io,977 Gina Junction,Dallas,TX,(972) 926-5775
820,Elizabeth,Medina,emedinamr@sphinn.com,044 Prentice Center,Plano,TX,(972) 969-7931
821,Joyce,Arnold,jarnoldms@twitter.com,48306 Moulton Plaza,Plano,TX,(972) 958-8893
822,William,Ramos,wramosmt@cafepress.com,20 Red Cloud Trail,Richardson,TX,(972) 950-2750
823,Billy,Reed,breedmu@liveinternet.ru,2 Loftsgordon Alley,Dallas,TX,(972) 853-0282
824,Scott,Carr,scarrmv@house.gov,9 Memorial Place,Dallas,TX,(469) 979-5007
825,Doris,Carpenter,dcarpentermw@163.com,55093 Bunting Pass,Dallas,TX,(972) 413-6984
826,Aaron,Kennedy,akennedymx@indiatimes.com,51078 Fisk Parkway,Dallas,TX,(214) 900-5041
827,Eugene,George,egeorgemy@yolasite.com,32186 Katie Park,Dallas,TX,(469) 642-7160
828,Marilyn,Washington,mwashingtonmz@discuz.net,7639 Northfield Park,Dallas,TX,(214) 531-0051
829,Sara,Patterson,spattersonn0@ezinearticles.com,938 Vermont Crossing,Dallas,TX,(972) 871-5585
830,Samuel,Henry,shenryn1@arizona.edu,031 Hintze Terrace,Dallas,TX,(972) 825-3266
831,Phillip,Kennedy,pkennedyn2@friendfeed.com,41 Leroy Center,Dallas,TX,(469) 995-0612
832,Robin,Welch,rwelchn3@a8.net,4 Texas Trail,Dallas,TX,(972) 778-2143
833,Rose,Garrett,rgarrettn4@google.pl,2384 Carey Road,Plano,TX,(214) 860-5621
834,Rebecca,Meyer,rmeyern5@123-reg.co.uk,38 Nelson Lane,Plano,TX,(972) 936-2303
835,Michelle,Reid,mreidn6@dyndns.org,7 Sunbrook Circle,Dallas,TX,(469) 941-2469
836,Judy,Rice,jricen7@e-recht24.de,49031 Saint Paul Avenue,Dallas,TX,(469) 935-1827
837,Kevin,Carroll,kcarrolln8@pagesperso-orange.fr,36 Jana Lane,Dallas,TX,(469) 964-0568
838,Kathryn,Owens,kowensn9@delicious.com,664 Clemons Hill,Dallas,TX,(214) 812-2116
839,Brian,Elliott,belliottna@va.gov,28 Graedel Hill,Dallas,TX,(972) 857-3817
840,Keith,Alvarez,kalvareznb@google.ca,73423 Mallard Park,Dallas,TX,(972) 985-3882
841,Christopher,Hamilton,chamiltonnc@yandex.ru,42 Johnson Place,Plano,TX,(972) 756-5173
842,Mildred,Washington,mwashingtonnd@virginia.edu,093 Reindahl Alley,Dallas,TX,(469) 863-5699
843,Maria,Patterson,mpattersonne@hibu.com,435 Mockingbird Road,Dallas,TX,(214) 689-4556
844,Tammy,Romero,tromeronf@businesswire.com,77652 Quincy Junction,Dallas,TX,(469) 653-5925
845,Shirley,Ellis,sellisng@arstechnica.com,74 Boyd Circle,Dallas,TX,(469) 920-2738
846,Gerald,Carter,gcarternh@wisc.edu,6829 Aberg Park,Dallas,TX,(214) 994-1903
847,Sandra,Diaz,sdiazni@cornell.edu,73631 Arapahoe Plaza,Dallas,TX,(214) 832-3930
848,Joyce,Miller,jmillernj@scribd.com,2 Annamark Center,Dallas,TX,(972) 961-6545
849,Edward,Freeman,efreemannk@ning.com,415 Di Loreto Plaza,Plano,TX,(972) 989-4204
850,Willie,Griffin,wgriffinnl@dagondesign.com,990 Moland Lane,Dallas,TX,(214) 928-8621
851,Eugene,Gibson,egibsonnm@google.ca,11945 Delaware Trail,Dallas,TX,(972) 954-4027
852,Beverly,Carroll,bcarrollnn@xing.com,7263 Mariners Cove Park,Dallas,TX,(214) 917-7386
853,Kevin,Weaver,kweaverno@bbb.org,9746 Springview Lane,Dallas,TX,(469) 942-2408
854,Diana,Collins,dcollinsnp@ca.gov,00 Stoughton Pass,Dallas,TX,(972) 804-5134
855,Melissa,Cole,mcolenq@nydailynews.com,405 Lukken Park,Dallas,TX,(972) 786-8554
856,Willie,Young,wyoungnr@soup.io,4 Bowman Lane,Dallas,TX,(214) 928-4186
857,Juan,Nichols,jnicholsns@cloudflare.com,8095 Grover Point,Dallas,TX,(469) 804-3343
858,Kevin,Mason,kmasonnt@google.com.hk,132 Huxley Street,Dallas,TX,(469) 973-8133
859,Ronald,Owens,rowensnu@github.com,160 Forster Court,Plano,TX,(214) 986-1282
860,Howard,Mason,hmasonnv@gov.uk,725 Shelley Street,Dallas,TX,(972) 884-9005
861,Scott,Sullivan,ssullivannw@cornell.edu,3 Dottie Way,Dallas,TX,(972) 881-9868
862,Margaret,Payne,mpaynenx@mashable.com,706 Spenser Drive,Plano,TX,(972) 760-0404
863,Ashley,Dixon,adixonny@eventbrite.com,07278 Arizona Road,Dallas,TX,(972) 818-9660
864,Marilyn,Vasquez,mvasqueznz@hexun.com,85753 Sommers Parkway,Plano,TX,(214) 435-8942
865,Amanda,Olson,aolsono0@github.io,2 Thompson Hill,Dallas,TX,(972) 979-2331
866,Heather,Fernandez,hfernandezo1@theguardian.com,18106 Beilfuss Way,Dallas,TX,(469) 854-7653
867,Stephanie,Diaz,sdiazo2@example.com,52331 Monica Drive,Dallas,TX,(214) 912-8213
868,Roy,Kelly,rkellyo3@technorati.com,7053 Old Gate Alley,Dallas,TX,(469) 974-8373
869,Scott,Chavez,schavezo4@php.net,3 Kingsford Avenue,Dallas,TX,(469) 963-3427
870,Donna,Mitchell,dmitchello5@blogtalkradio.com,4741 Kenwood Junction,Dallas,TX,(214) 951-3865
871,Louis,Harris,lharriso6@illinois.edu,2747 Rieder Plaza,Dallas,TX,(214) 886-3021
872,Henry,Hansen,hhanseno7@cbslocal.com,2900 Surrey Street,Dallas,TX,(214) 964-2420
873,Kathryn,Porter,kportero8@soup.io,53 Dapin Parkway,Dallas,TX,(972) 844-8439
874,Anne,Johnson,ajohnsono9@last.fm,20069 Melvin Center,Dallas,TX,(214) 975-6054
875,Todd,Taylor,ttayloroa@ted.com,97238 Onsgard Trail,Dallas,TX,(214) 937-3241
876,Julia,Fernandez,jfernandezob@tamu.edu,34619 Marcy Crossing,Dallas,TX,(972) 966-9920
877,Craig,Robinson,crobinsonoc@oaic.gov.au,30 Sutteridge Point,Dallas,TX,(469) 919-0979
878,Nancy,Shaw,nshawod@mapquest.com,5834 Village Crossing,Dallas,TX,(214) 788-2516
879,Lawrence,Nichols,lnicholsoe@uol.com.br,6423 Roth Park,Dallas,TX,(214) 925-2580
880,Jimmy,Diaz,jdiazof@independent.co.uk,0301 Oriole Lane,Dallas,TX,(469) 473-0533
881,Bobby,Mcdonald,bmcdonaldog@technorati.com,3 Scoville Drive,Dallas,TX,(972) 527-7603
882,Jesse,Cunningham,jcunninghamoh@yolasite.com,790 Marquette Hill,Dallas,TX,(214) 936-7626
883,Gregory,Andrews,gandrewsoi@xinhuanet.com,361 Sachs Crossing,Dallas,TX,(214) 973-0715
884,Tina,Rogers,trogersoj@mysql.com,79 Forest Dale Road,Dallas,TX,(469) 984-9258
885,Henry,Allen,hallenok@bbb.org,9 Pennsylvania Street,Dallas,TX,(972) 939-2237
886,Carolyn,Gordon,cgordonol@icq.com,6 Fuller Avenue,Richardson,TX,(469) 829-5466
887,Louise,Hudson,lhudsonom@pinterest.com,04798 Loeprich Alley,Dallas,TX,(972) 955-8037
888,John,Vasquez,jvasquezon@mlb.com,52 Darwin Park,Dallas,TX,(469) 978-1123
889,Kathryn,Graham,kgrahamoo@dailymotion.com,45 Everett Pass,Dallas,TX,(469) 921-3046
890,Patricia,Perkins,pperkinsop@deliciousdays.com,0 Heffernan Drive,Dallas,TX,(972) 971-8654
891,Henry,Arnold,harnoldoq@prlog.org,47 Becker Lane,Plano,TX,(972) 470-2949
892,Ruby,Bishop,rbishopor@biblegateway.com,5 International Point,Dallas,TX,(972) 944-4239
893,Phyllis,Dunn,pdunnos@home.pl,8316 Calypso Court,Dallas,TX,(214) 835-0529
894,Louise,Wood,lwoodot@ask.com,000 Mccormick Plaza,Dallas,TX,(972) 914-5297
895,Tammy,Shaw,tshawou@pagesperso-orange.fr,0 Carey Parkway,Richardson,TX,(214) 905-2378
896,Eric,Rivera,eriveraov@arstechnica.com,466 Tony Circle,Dallas,TX,(972) 932-9658
897,Joe,Williams,jwilliamsow@skyrock.com,748 Schlimgen Avenue,Dallas,TX,(972) 852-8033
898,Aaron,Snyder,asnyderox@toplist.cz,1 American Ash Avenue,Dallas,TX,(214) 936-9743
899,Louis,Clark,lclarkoy@blinklist.com,4284 Norway Maple Lane,Dallas,TX,(972) 872-7570
900,Sarah,Chavez,schavezoz@howstuffworks.com,3 Schmedeman Court,Dallas,TX,(972) 524-1820
901,Robin,Ellis,rellisp0@posterous.com,67445 Dunning Lane,Richardson,TX,(972) 866-1973
902,Jessica,Davis,jdavisp1@t-online.de,12957 Independence Drive,Plano,TX,(972) 842-5888
903,Lillian,Stone,lstonep2@goo.ne.jp,919 Judy Way,Dallas,TX,(972) 851-2126
904,Ruth,Stanley,rstanleyp3@trellian.com,1 Warrior Pass,Dallas,TX,(972) 911-0228
905,Jesse,Duncan,jduncanp4@foxnews.com,7787 Haas Hill,Dallas,TX,(972) 683-9815
906,Lori,Hunter,lhunterp5@about.com,39 Swallow Place,Richardson,TX,(469) 642-4787
907,Tammy,Robinson,trobinsonp6@economist.com,0378 Longview Plaza,Dallas,TX,(469) 933-2520
908,James,Dunn,jdunnp7@meetup.com,2 Luster Hill,Dallas,TX,(214) 849-9192
909,Earl,White,ewhitep8@slashdot.org,3645 Ramsey Place,Dallas,TX,(972) 936-8134
910,Jeremy,Rogers,jrogersp9@squarespace.com,91121 Moulton Plaza,Plano,TX,(469) 842-8404
911,Earl,Chapman,echapmanpa@telegraph.co.uk,45 Moulton Junction,Dallas,TX,(972) 997-7819
912,Dorothy,Miller,dmillerpb@wp.com,52 Hazelcrest Crossing,Dallas,TX,(214) 803-3680
913,Anna,Lopez,alopezpc@google.pl,49 3rd Terrace,Dallas,TX,(214) 959-4100
914,Gary,Fuller,gfullerpd@shop-pro.jp,59 Macpherson Crossing,Dallas,TX,(214) 968-9302
915,Angela,Nguyen,anguyenpe@163.com,45542 Rutledge Avenue,Dallas,TX,(214) 978-0162
916,Paula,Frazier,pfrazierpf@jigsy.com,916 Maywood Court,Plano,TX,(214) 934-1206
917,Daniel,Johnson,djohnsonpg@is.gd,76702 Caliangt Circle,Dallas,TX,(469) 828-8109
918,Raymond,Burke,rburkeph@arstechnica.com,3001 Corscot Drive,Dallas,TX,(469) 749-0551
919,Anna,Flores,aflorespi@mozilla.com,730 Vera Avenue,Dallas,TX,(214) 820-9633
920,Kathleen,Reed,kreedpj@craigslist.org,89 Tomscot Street,Dallas,TX,(214) 941-0107
921,Linda,Garcia,lgarciapk@imageshack.us,1 Luster Street,Dallas,TX,(972) 910-1369
922,Kevin,Turner,kturnerpl@washington.edu,3034 Kipling Drive,Dallas,TX,(214) 835-8339
923,Juan,Dunn,jdunnpm@wikia.com,18 Oak Drive,Dallas,TX,(214) 857-0040
924,Arthur,Lane,alanepn@cargocollective.com,79797 Fieldstone Circle,Richardson,TX,(214) 848-0150
925,Deborah,Medina,dmedinapo@sfgate.com,4 Cambridge Park,Dallas,TX,(972) 679-5235
926,Lisa,Castillo,lcastillopp@businessweek.com,856 Mitchell Junction,Dallas,TX,(469) 996-6025
927,Louis,Rivera,lriverapq@discovery.com,210 Sunfield Trail,Dallas,TX,(469) 940-0843
928,Catherine,Hunt,chuntpr@mashable.com,241 Gulseth Crossing,Dallas,TX,(469) 929-6433
929,Bobby,Gomez,bgomezps@parallels.com,53 Kipling Place,Richardson,TX,(469) 747-8105
930,Johnny,Jenkins,jjenkinspt@homestead.com,6757 Buena Vista Park,Dallas,TX,(214) 711-0231
931,Richard,Sanchez,rsanchezpu@bandcamp.com,6 Bonner Road,Dallas,TX,(214) 789-8437
932,Fred,Peterson,fpetersonpv@surveymonkey.com,723 Emmet Avenue,Dallas,TX,(214) 929-0915
933,Gerald,Jacobs,gjacobspw@statcounter.com,539 Pond Point,Richardson,TX,(972) 929-5037
934,Teresa,Perry,tperrypx@google.nl,67 Porter Center,Dallas,TX,(469) 937-7720
935,Joyce,Watson,jwatsonpy@businessinsider.com,033 Fieldstone Pass,Dallas,TX,(469) 976-1235
936,Antonio,Crawford,acrawfordpz@taobao.com,94232 Hudson Drive,Dallas,TX,(469) 818-0847
937,Shawn,Hanson,shansonq0@people.com.cn,88 Prairieview Terrace,Dallas,TX,(469) 712-3956
938,Sandra,Hayes,shayesq1@msu.edu,8 Morning Parkway,Dallas,TX,(972) 901-1242
939,Jimmy,Garrett,jgarrettq2@etsy.com,43 Clyde Gallagher Terrace,Dallas,TX,(972) 984-4957
940,Antonio,Lawrence,alawrenceq3@tripod.com,08482 Merry Alley,Dallas,TX,(972) 843-3635
941,Marie,Medina,mmedinaq4@biglobe.ne.jp,7338 Pierstorff Circle,Richardson,TX,(469) 810-7312
942,Juan,Allen,jallenq5@themeforest.net,5 Victoria Alley,Dallas,TX,(469) 979-2886
943,Gerald,Porter,gporterq6@mozilla.com,11934 Upham Point,Dallas,TX,(214) 706-8751
944,Todd,Brooks,tbrooksq7@tuttocitta.it,7838 Moland Plaza,Dallas,TX,(469) 781-0440
945,Jean,Rice,jriceq8@chron.com,48712 Mockingbird Road,Dallas,TX,(469) 935-5450
946,Jack,Day,jdayq9@jugem.jp,2107 Kipling Plaza,Dallas,TX,(214) 913-6444
947,Amy,Woods,awoodsqa@hatena.ne.jp,5 Shoshone Crossing,Dallas,TX,(469) 773-4866
948,Raymond,Greene,rgreeneqb@ihg.com,55619 Surrey Plaza,Dallas,TX,(469) 983-7473
949,Arthur,Wright,awrightqc@spiegel.de,158 John Wall Street,Dallas,TX,(214) 941-5089
950,Daniel,Hunt,dhuntqd@bizjournals.com,13709 Mariners Cove Center,Richardson,TX,(972) 915-2723
951,Julie,Hamilton,jhamiltonqe@time.com,6209 Ludington Pass,Dallas,TX,(972) 812-7230
952,Diana,Garza,dgarzaqf@free.fr,83139 Warrior Parkway,Dallas,TX,(972) 872-4808
953,Walter,Cruz,wcruzqg@vkontakte.ru,463 Hanover Junction,Dallas,TX,(972) 836-9111
954,Mildred,Ramirez,mramirezqh@dropbox.com,7 Anderson Lane,Dallas,TX,(972) 826-9318
955,Jean,Gilbert,jgilbertqi@webeden.co.uk,769 Colorado Center,Dallas,TX,(469) 850-6077
956,Frances,Porter,fporterqj@dion.ne.jp,16 Farwell Park,Dallas,TX,(214) 958-6327
957,Jane,Carter,jcarterqk@so-net.ne.jp,746 East Court,Dallas,TX,(469) 859-2686
958,Johnny,Perry,jperryql@twitpic.com,5091 Melrose Court,Dallas,TX,(469) 783-2541
959,Donald,Powell,dpowellqm@marriott.com,1901 Laurel Pass,Dallas,TX,(972) 917-5123
960,Russell,Morales,rmoralesqn@addtoany.com,6 Continental Hill,Dallas,TX,(469) 833-1681
961,Earl,Smith,esmithqo@hostgator.com,73 Towne Hill,Dallas,TX,(469) 919-5433
962,Jane,Phillips,jphillipsqp@xrea.com,9 Northland Place,Dallas,TX,(469) 981-5694
963,Ruby,Black,rblackqq@fotki.com,01580 Main Alley,Dallas,TX,(214) 839-6582
964,Teresa,Fernandez,tfernandezqr@google.com.au,50 Arrowood Circle,Richardson,TX,(972) 918-7531
965,Jacqueline,Hamilton,jhamiltonqs@washingtonpost.com,792 Burrows Lane,Dallas,TX,(972) 785-5033
966,Anthony,Elliott,aelliottqt@uiuc.edu,82 Harper Lane,Dallas,TX,(972) 942-6006
967,Louise,Henderson,lhendersonqu@mashable.com,58 Southridge Way,Dallas,TX,(469) 897-6813
968,Lillian,Cruz,lcruzqv@wordpress.org,1202 Nevada Crossing,Dallas,TX,(469) 577-0003
969,David,Davis,ddavisqw@angelfire.com,6266 Debs Place,Dallas,TX,(214) 864-7187
970,Janice,Price,jpriceqx@sina.com.cn,269 Farragut Trail,Dallas,TX,(214) 941-9869
971,Donald,Palmer,dpalmerqy@naver.com,12 5th Junction,Richardson,TX,(469) 677-4531
972,Donald,Washington,dwashingtonqz@amazon.co.uk,978 Moose Plaza,Dallas,TX,(972) 844-7608
973,Jessica,Jones,jjonesr0@wix.com,37 Melrose Court,Richardson,TX,(972) 906-0660
974,Amy,Coleman,acolemanr1@microsoft.com,2562 Pond Junction,Dallas,TX,(214) 954-7729
975,Marie,Ryan,mryanr2@comcast.net,4287 Canary Center,Dallas,TX,(469) 924-4203
976,Gloria,Barnes,gbarnesr3@ask.com,149 Columbus Avenue,Dallas,TX,(214) 797-0275
977,Charles,Lawrence,clawrencer4@topsy.com,7 Randy Terrace,Dallas,TX,(972) 813-8851
978,Patricia,Hill,phillr5@friendfeed.com,2506 Ridgeway Drive,Richardson,TX,(469) 932-9594
979,Ryan,Young,ryoungr6@jalbum.net,40252 Lyons Terrace,Dallas,TX,(214) 742-4030
980,Willie,Woods,wwoodsr7@barnesandnoble.com,99 Sunbrook Circle,Dallas,TX,(214) 810-2688
981,Cynthia,Webb,cwebbr8@earthlink.net,6016 Leroy Way,Dallas,TX,(214) 975-2196
982,Joyce,Cox,jcoxr9@yellowpages.com,5027 Meadow Vale Way,Richardson,TX,(972) 832-4867
983,Debra,Kim,dkimra@theatlantic.com,303 Bashford Road,Plano,TX,(469) 747-4090
984,Louise,Harrison,lharrisonrb@is.gd,13 American Ash Place,Richardson,TX,(214) 897-8864
985,Douglas,Day,ddayrc@tiny.cc,264 Packers Place,Dallas,TX,(469) 868-2443
986,Jane,Hughes,jhughesrd@dedecms.com,05 Tony Junction,Dallas,TX,(972) 963-9605
987,Joan,Wagner,jwagnerre@indiegogo.com,76837 Heath Trail,Dallas,TX,(972) 841-3593
988,Joyce,Gibson,jgibsonrf@trellian.com,0605 Old Shore Avenue,Dallas,TX,(469) 840-4916
989,Paula,Harrison,pharrisonrg@ox.ac.uk,7 Swallow Pass,Dallas,TX,(469) 622-5174
990,Bobby,Dunn,bdunnrh@intel.com,785 Graedel Place,Plano,TX,(972) 923-3432
991,Bonnie,Ross,brossri@tiny.cc,81741 Hallows Plaza,Dallas,TX,(214) 930-4665
992,Dennis,Wheeler,dwheelerrj@gov.uk,8321 Mendota Crossing,Dallas,TX,(214) 932-7040
993,Jason,Gutierrez,jgutierrezrk@ameblo.jp,7 Pearson Way,Dallas,TX,(972) 990-8290
994,Diana,Spencer,dspencerrl@gravatar.com,467 Menomonie Alley,Richardson,TX,(972) 850-9653
995,Jessica,Thompson,jthompsonrm@abc.net.au,73 Mandrake Center,Dallas,TX,(972) 728-3395
996,Sean,Pierce,spiercern@engadget.com,07 Laurel Park,Dallas,TX,(469) 987-3050
997,Alan,Stewart,astewartro@indiegogo.com,74154 Drewry Street,Dallas,TX,(469) 944-5061
998,Janice,Robinson,jrobinsonrp@springer.com,7791 Maple Hill,Dallas,TX,(972) 855-6553
999,Barbara,Carroll,bcarrollrq@vinaora.com,5989 4th Avenue,Dallas,TX,(214) 999-2405
1000,Lori,Mccoy,lmccoyrr@mapquest.com,71 Evergreen Crossing,Dallas,TX,(972) 975-7324
